pilot_id,fact_id,claim_text,final_routing_class,temporal_class,source_route,allowed_source_types,required_temporal_fields,source_query_template_1,source_query_template_2,intake_status,evidence_verified,model_b_merge_allowed
M3A-PILOT-001,BCSGK-0065,"The Bangladesh Madrasah Education Board oversees over 9,000 madrasahs across the country.",static_historical,static,mediawiki_pre_cutoff_revision_or_official_history,mediawiki_revision;official_history;archived_official_page,temporal_evidence_date;supporting_excerpt;content_hash_sha256,"""The Bangladesh Madrasah Education Board oversees over 9,000 madrasahs across the country."" pre-cutoff mediawiki pre cutoff revision or official history","""The Bangladesh Madrasah Education Board oversees over 9,000 madrasahs across the country."" official source 2023-04-19",not_started,false,false
M3A-PILOT-002,BCSGK-0074,"Bangabandhu-1, Bangladesh's first geostationary communications satellite, was launched on 12 May 2018 by SpaceX.",static_historical,static,mediawiki_pre_cutoff_revision_or_official_history,mediawiki_revision;official_history;archived_official_page,temporal_evidence_date;supporting_excerpt;content_hash_sha256,"""Bangabandhu-1, Bangladesh's first geostationary communications satellite, was launched on 12 May 2018 by SpaceX."" pre-cutoff mediawiki pre cutoff revision or official history","""Bangabandhu-1, Bangladesh's first geostationary communications satellite, was launched on "" official source 2023-04-19",not_started,false,false
M3A-PILOT-003,BCSGK-0078,Bangladesh's submarine cable connection to the SEA-ME-WE 4 network provides international internet bandwidth since 2006.,static_historical,static,mediawiki_pre_cutoff_revision_or_official_history,mediawiki_revision;official_history;archived_official_page,temporal_evidence_date;supporting_excerpt;content_hash_sha256,"""Bangladesh's submarine cable connection to the SEA-ME-WE 4 network provides international internet bandwidth since 2006."" pre-cutoff mediawiki pre cutoff revision or official history","""Bangladesh's submarine cable connection to the SEA-ME-WE 4 network provides international "" official source 2023-04-19",not_started,false,false
M3A-PILOT-004,BCSGK-0079,"Dr. Maksudul Alam led the team that sequenced the genome of jute in 2010, a first for Bangladesh.",static_historical,static,mediawiki_pre_cutoff_revision_or_official_history,mediawiki_revision;official_history;archived_official_page,temporal_evidence_date;supporting_excerpt;content_hash_sha256,"""Dr. Maksudul Alam led the team that sequenced the genome of jute in 2010, a first for Bangladesh."" pre-cutoff mediawiki pre cutoff revision or official history","""Dr. Maksudul Alam led the team that sequenced the genome of jute in 2010, a first for Bang"" official source 2023-04-19",not_started,false,false
M3A-PILOT-005,BCSGK-0081,Shakib Al Hasan is the highest wicket-taker for Bangladesh in international cricket with over 700 wickets across formats.,static_historical,static,mediawiki_pre_cutoff_revision_or_official_history,mediawiki_revision;official_history;archived_official_page,temporal_evidence_date;supporting_excerpt;content_hash_sha256,"""Shakib Al Hasan is the highest wicket-taker for Bangladesh in international cricket with over 700 wickets across formats."" pre-cutoff mediawiki pre cutoff revision or official history","""Shakib Al Hasan is the highest wicket-taker for Bangladesh in international cricket with o"" official source 2023-04-19",not_started,false,false
M3A-PILOT-006,BCSGK-0084,বাংলাদেশের জাতীয় ক্রিকেট দলের প্রথম টেস্ট ম্যাচ ছিল ভারতের বিরুদ্ধে ২০০০ সালের নভেম্বরে।,static_historical,static,mediawiki_pre_cutoff_revision_or_official_history,mediawiki_revision;official_history;archived_official_page,temporal_evidence_date;supporting_excerpt;content_hash_sha256,"""বাংলাদেশের জাতীয় ক্রিকেট দলের প্রথম টেস্ট ম্যাচ ছিল ভারতের বিরুদ্ধে ২০০০ সালের নভেম্বরে।"" pre-cutoff mediawiki pre cutoff revision or official history","""বাংলাদেশের জাতীয় ক্রিকেট দলের প্রথম টেস্ট ম্যাচ ছিল ভারতের বিরুদ্ধে ২০০০ সালের নভেম্বরে।"" official source 2023-04-19",not_started,false,false
M3A-PILOT-007,BCSGK-0085,Grameenphone Dhaka Premier League and the Bangladesh Premier League are the top domestic cricket tournaments.,static_historical,static,mediawiki_pre_cutoff_revision_or_official_history,mediawiki_revision;official_history;archived_official_page,temporal_evidence_date;supporting_excerpt;content_hash_sha256,"""Grameenphone Dhaka Premier League and the Bangladesh Premier League are the top domestic cricket tournaments."" pre-cutoff mediawiki pre cutoff revision or official history","""Grameenphone Dhaka Premier League and the Bangladesh Premier League are the top domestic c"" official source 2023-04-19",not_started,false,false
M3A-PILOT-008,BCSGK-0087,"The Dhaka Metro Rail (MRT Line-6), Bangladesh's first metro system, began commercial operations on 28 December 2022.",static_historical,static,mediawiki_pre_cutoff_revision_or_official_history,mediawiki_revision;official_history;archived_official_page,temporal_evidence_date;supporting_excerpt;content_hash_sha256,"""The Dhaka Metro Rail (MRT Line-6), Bangladesh's first metro system, began commercial operations on 28 December 2022."" pre-cutoff mediawiki pre cutoff revision or official history","""The Dhaka Metro Rail (MRT Line-6), Bangladesh's first metro system, began commercial opera"" official source 2023-04-19",not_started,false,false
M3A-PILOT-009,BCSGK-0089,"বাংলাদেশ রেলওয়ে ২,৯৫৬ কিলোমিটার রেলপথ পরিচালনা করে, যার মধ্যে ব্রড গেজ ও মিটার গেজ উভয়ই রয়েছে।",static_historical,static,mediawiki_pre_cutoff_revision_or_official_history,mediawiki_revision;official_history;archived_official_page,temporal_evidence_date;supporting_excerpt;content_hash_sha256,"""বাংলাদেশ রেলওয়ে ২,৯৫৬ কিলোমিটার রেলপথ পরিচালনা করে, যার মধ্যে ব্রড গেজ ও মিটার গেজ উভয়ই রয়েছে।"" pre-cutoff mediawiki pre cutoff revision or official history","""বাংলাদেশ রেলওয়ে ২,৯৫৬ কিলোমিটার রেলপথ পরিচালনা করে, যার মধ্যে ব্রড গেজ ও মিটার গেজ উভয়ই রয়"" official source 2023-04-19",not_started,false,false
M3A-PILOT-010,BCSGK-0106,"The Bangladesh Armed Forces consist of three branches: the Bangladesh Army, the Bangladesh Navy, and the Bangladesh Air Force.",static_historical,static,mediawiki_pre_cutoff_revision_or_official_history,mediawiki_revision;official_history;archived_official_page,temporal_evidence_date;supporting_excerpt;content_hash_sha256,"""The Bangladesh Armed Forces consist of three branches: the Bangladesh Army, the Bangladesh Navy, and the Bangladesh Air Force."" pre-cutoff mediawiki pre cutoff revision or official history","""The Bangladesh Armed Forces consist of three branches: the Bangladesh Army, the Bangladesh"" official source 2023-04-19",not_started,false,false
M3A-PILOT-011,BCSGK-0107,"Bangladesh Armed Forces Day is observed on 21 November, commemorating the 1971 Liberation War.",static_historical,static,mediawiki_pre_cutoff_revision_or_official_history,mediawiki_revision;official_history;archived_official_page,temporal_evidence_date;supporting_excerpt;content_hash_sha256,"""Bangladesh Armed Forces Day is observed on 21 November, commemorating the 1971 Liberation War."" pre-cutoff mediawiki pre cutoff revision or official history","""Bangladesh Armed Forces Day is observed on 21 November, commemorating the 1971 Liberation "" official source 2023-04-19",not_started,false,false
M3A-PILOT-012,BCSGK-0108,"BNS Bangabandhu is the flagship of the Bangladesh Navy, a guided missile frigate commissioned in 2001.",static_historical,static,mediawiki_pre_cutoff_revision_or_official_history,mediawiki_revision;official_history;archived_official_page,temporal_evidence_date;supporting_excerpt;content_hash_sha256,"""BNS Bangabandhu is the flagship of the Bangladesh Navy, a guided missile frigate commissioned in 2001."" pre-cutoff mediawiki pre cutoff revision or official history","""BNS Bangabandhu is the flagship of the Bangladesh Navy, a guided missile frigate commissio"" official source 2023-04-19",not_started,false,false
M3A-PILOT-013,BCSGK-0286,"পাট, চা, চামড়ার মতো স্থানীয় কাঁচামাল-নির্ভর পণ্য রপ্তানী বহুমুখীকরণে সবচেয়ে বেশি সম্ভাবনাময়। বাংলাদেশের গবেষকরা পাটতন্তু দিয়ে সুতা তৈরির পদ্ধতি উদ্ভাবন করেছেন, যা পোশাক শিল্পের কাঁচামাল হিসেবে ব্যবহৃত হতে পারে।",static_historical,static,mediawiki_pre_cutoff_revision_or_official_history,mediawiki_revision;official_history;archived_official_page,temporal_evidence_date;supporting_excerpt;content_hash_sha256,"""পাট, চা, চামড়ার মতো স্থানীয় কাঁচামাল-নির্ভর পণ্য রপ্তানী বহুমুখীকরণে সবচেয়ে বেশি সম্ভাবনাময়। বাংলাদেশের গবেষকরা পাটতন্তু দিয়ে সুতা তৈরি"" pre-cutoff mediawiki pre cutoff revision or official history","""পাট, চা, চামড়ার মতো স্থানীয় কাঁচামাল-নির্ভর পণ্য রপ্তানী বহুমুখীকরণে সবচেয়ে বেশি সম্ভাব"" official source 2023-04-19",not_started,false,false
M3A-PILOT-014,BCSGK-0288,"স্বাধীনতার পর থেকে বাংলাদেশের ধানের উৎপাদন তিন গুণেরও বেশি, গম দ্বিগুণ, সবজি পাঁচ গুণ এবং ভুট্টার উৎপাদন বেড়েছে ১০ গুণ।",static_historical,static,mediawiki_pre_cutoff_revision_or_official_history,mediawiki_revision;official_history;archived_official_page,temporal_evidence_date;supporting_excerpt;content_hash_sha256,"""স্বাধীনতার পর থেকে বাংলাদেশের ধানের উৎপাদন তিন গুণেরও বেশি, গম দ্বিগুণ, সবজি পাঁচ গুণ এবং ভুট্টার উৎপাদন বেড়েছে ১০ গুণ।"" pre-cutoff mediawiki pre cutoff revision or official history","""স্বাধীনতার পর থেকে বাংলাদেশের ধানের উৎপাদন তিন গুণেরও বেশি, গম দ্বিগুণ, সবজি পাঁচ গুণ এবং "" official source 2023-04-19",not_started,false,false
M3A-PILOT-015,BCSGK-0289,"১৯৬০ সালে পূর্ব পাকিস্তানে প্রথম কৃষিশুমারি অনুষ্ঠিত হয়। স্বাধীন বাংলাদেশে এ পর্যন্ত ৫টি কৃষিশুমারি অনুষ্ঠিত হয়েছে: ১৯৭৭, ১৯৮৩-৮৪, ১৯৯৬, ২০০৮ ও ২০১৯ সালে।",static_historical,static,mediawiki_pre_cutoff_revision_or_official_history,mediawiki_revision;official_history;archived_official_page,temporal_evidence_date;supporting_excerpt;content_hash_sha256,"""১৯৬০ সালে পূর্ব পাকিস্তানে প্রথম কৃষিশুমারি অনুষ্ঠিত হয়। স্বাধীন বাংলাদেশে এ পর্যন্ত ৫টি কৃষিশুমারি অনুষ্ঠিত হয়েছে: ১৯৭৭, ১৯৮৩-৮৪, ১৯৯৬, ২"" pre-cutoff mediawiki pre cutoff revision or official history","""১৯৬০ সালে পূর্ব পাকিস্তানে প্রথম কৃষিশুমারি অনুষ্ঠিত হয়। স্বাধীন বাংলাদেশে এ পর্যন্ত ৫টি "" official source 2023-04-19",not_started,false,false
M3A-PILOT-016,BCSGK-0292,বাংলাদেশের অর্থনৈতিক সেক্টরগুলোর মধ্যে কৃষি খাতে সবচেয়ে বেশি কর্মসংস্থান হয়।,static_historical,static,mediawiki_pre_cutoff_revision_or_official_history,mediawiki_revision;official_history;archived_official_page,temporal_evidence_date;supporting_excerpt;content_hash_sha256,"""বাংলাদেশের অর্থনৈতিক সেক্টরগুলোর মধ্যে কৃষি খাতে সবচেয়ে বেশি কর্মসংস্থান হয়।"" pre-cutoff mediawiki pre cutoff revision or official history","""বাংলাদেশের অর্থনৈতিক সেক্টরগুলোর মধ্যে কৃষি খাতে সবচেয়ে বেশি কর্মসংস্থান হয়।"" official source 2023-04-19",not_started,false,false
M3A-PILOT-017,BCSGK-0294,বাংলাদেশের উৎপাদিত কৃষিপণ্যের মধ্যে ধানের পরিমাণ সবচেয়ে বেশি এবং উৎপাদিত ধান নিজেদের খাদ্যের চাহিদা মেটানোর জন্য ব্যবহৃত হয়। তাই বাংলাদেশের কৃষি ধান-প্রধান নিবিড় স্বয়ংভোগী।,static_historical,static,mediawiki_pre_cutoff_revision_or_official_history,mediawiki_revision;official_history;archived_official_page,temporal_evidence_date;supporting_excerpt;content_hash_sha256,"""বাংলাদেশের উৎপাদিত কৃষিপণ্যের মধ্যে ধানের পরিমাণ সবচেয়ে বেশি এবং উৎপাদিত ধান নিজেদের খাদ্যের চাহিদা মেটানোর জন্য ব্যবহৃত হয়। তাই বাংলাদেশে"" pre-cutoff mediawiki pre cutoff revision or official history","""বাংলাদেশের উৎপাদিত কৃষিপণ্যের মধ্যে ধানের পরিমাণ সবচেয়ে বেশি এবং উৎপাদিত ধান নিজেদের খাদ্"" official source 2023-04-19",not_started,false,false
M3A-PILOT-018,BCSGK-0295,"বাংলাদেশের উচ্চফলনশীল (উফশী) জাতের কয়েকটি ধানের নাম: হীরা, ময়না, সোনার বাংলা, ইরি, ইরাটম, বিশাইল, মালাইরি, বাংলামতি ইত্যাদি। উচ্চফলনশীল কয়েকটি গমের নাম: বলাকা, দোয়েল শতাব্দী, আনন্দ ইত্যাদি।",static_historical,static,mediawiki_pre_cutoff_revision_or_official_history,mediawiki_revision;official_history;archived_official_page,temporal_evidence_date;supporting_excerpt;content_hash_sha256,"""বাংলাদেশের উচ্চফলনশীল (উফশী) জাতের কয়েকটি ধানের নাম: হীরা, ময়না, সোনার বাংলা, ইরি, ইরাটম, বিশাইল, মালাইরি, বাংলামতি ইত্যাদি। উচ্চফলনশীল কয"" pre-cutoff mediawiki pre cutoff revision or official history","""বাংলাদেশের উচ্চফলনশীল (উফশী) জাতের কয়েকটি ধানের নাম: হীরা, ময়না, সোনার বাংলা, ইরি, ইরাটম"" official source 2023-04-19",not_started,false,false
M3A-PILOT-019,BCSGK-0296,"বাংলামতি, হীরা, ময়না, হরি, সোনার বাংলা, ইরাটম, বিশাইল, চাঁদিনাম, মালা, সুপার রাইস, মুক্তা, প্রগতি, আশা, বিপ্লব, দুলাভোগ, আলোক-৬২১০, নারিকা-১, সোনার বাংলা-১, মালাইরি ইত্যাদি উন্নত জাতের ধানের নাম।",static_historical,static,mediawiki_pre_cutoff_revision_or_official_history,mediawiki_revision;official_history;archived_official_page,temporal_evidence_date;supporting_excerpt;content_hash_sha256,"""বাংলামতি, হীরা, ময়না, হরি, সোনার বাংলা, ইরাটম, বিশাইল, চাঁদিনাম, মালা, সুপার রাইস, মুক্তা, প্রগতি, আশা, বিপ্লব, দুলাভোগ, আলোক-৬২১০, নারিকা-"" pre-cutoff mediawiki pre cutoff revision or official history","""বাংলামতি, হীরা, ময়না, হরি, সোনার বাংলা, ইরাটম, বিশাইল, চাঁদিনাম, মালা, সুপার রাইস, মুক্তা"" official source 2023-04-19",not_started,false,false
M3A-PILOT-020,BCSGK-0297,"বলাকা, দোয়েল, শতাব্দী, অগ্রণী, সোনালিকা, আনন্দ, আকবর, কাঞ্চন, বরকত, জোপাটিকা, ইনিয়া-৬৬, বিজয় ইত্যাদি গমের উন্নত জাত।",static_historical,static,mediawiki_pre_cutoff_revision_or_official_history,mediawiki_revision;official_history;archived_official_page,temporal_evidence_date;supporting_excerpt;content_hash_sha256,"""বলাকা, দোয়েল, শতাব্দী, অগ্রণী, সোনালিকা, আনন্দ, আকবর, কাঞ্চন, বরকত, জোপাটিকা, ইনিয়া-৬৬, বিজয় ইত্যাদি গমের উন্নত জাত।"" pre-cutoff mediawiki pre cutoff revision or official history","""বলাকা, দোয়েল, শতাব্দী, অগ্রণী, সোনালিকা, আনন্দ, আকবর, কাঞ্চন, বরকত, জোপাটিকা, ইনিয়া-৬৬, "" official source 2023-04-19",not_started,false,false
M3A-PILOT-021,BCSGK-0298,"'ম্যানিলা' ও 'সুমাত্রা' তামাক এর উন্নতজাতের নাম। পদ্মা, মধুবালা তরমুজের উন্নত জাত। রূপালী, ডেলফাজ তুলার উন্নত জাত।",static_historical,static,mediawiki_pre_cutoff_revision_or_official_history,mediawiki_revision;official_history;archived_official_page,temporal_evidence_date;supporting_excerpt;content_hash_sha256,"""'ম্যানিলা' ও 'সুমাত্রা' তামাক এর উন্নতজাতের নাম। পদ্মা, মধুবালা তরমুজের উন্নত জাত। রূপালী, ডেলফাজ তুলার উন্নত জাত।"" pre-cutoff mediawiki pre cutoff revision or official history","""'ম্যানিলা' ও 'সুমাত্রা' তামাক এর উন্নতজাতের নাম। পদ্মা, মধুবালা তরমুজের উন্নত জাত। রূপালী,"" official source 2023-04-19",not_started,false,false
M3A-PILOT-022,BCSGK-0299,"কৃষি মৌসুম: রবি (কার্তিক-ফাল্গুন), খরিপ-১ (চৈত্র-জ্যৈষ্ঠ), খরিপ-২ (আষাঢ়-ভাদ্র), বারেমাসি (সারা বছর)।",static_historical,static,mediawiki_pre_cutoff_revision_or_official_history,mediawiki_revision;official_history;archived_official_page,temporal_evidence_date;supporting_excerpt;content_hash_sha256,"""কৃষি মৌসুম: রবি (কার্তিক-ফাল্গুন), খরিপ-১ (চৈত্র-জ্যৈষ্ঠ), খরিপ-২ (আষাঢ়-ভাদ্র), বারেমাসি (সারা বছর)।"" pre-cutoff mediawiki pre cutoff revision or official history","""কৃষি মৌসুম: রবি (কার্তিক-ফাল্গুন), খরিপ-১ (চৈত্র-জ্যৈষ্ঠ), খরিপ-২ (আষাঢ়-ভাদ্র), বারেমাসি "" official source 2023-04-19",not_started,false,false
M3A-PILOT-023,BCSGK-0300,"ডায়মন্ড, কার্ডিনেল, কুফরি, সিন্দুরী, মিউজিকা, নেপিতাল, অ্যালুয়েট, ক্যারোলাস (ছরাক সহিষ্ণু), গ্রানুলা ইত্যাদি আলুর উন্নত জাতের নাম।",static_historical,static,mediawiki_pre_cutoff_revision_or_official_history,mediawiki_revision;official_history;archived_official_page,temporal_evidence_date;supporting_excerpt;content_hash_sha256,"""ডায়মন্ড, কার্ডিনেল, কুফরি, সিন্দুরী, মিউজিকা, নেপিতাল, অ্যালুয়েট, ক্যারোলাস (ছরাক সহিষ্ণু), গ্রানুলা ইত্যাদি আলুর উন্নত জাতের নাম।"" pre-cutoff mediawiki pre cutoff revision or official history","""ডায়মন্ড, কার্ডিনেল, কুফরি, সিন্দুরী, মিউজিকা, নেপিতাল, অ্যালুয়েট, ক্যারোলাস (ছরাক সহিষ্ণ"" official source 2023-04-19",not_started,false,false
M3A-PILOT-024,BCSGK-0302,"বর্ণালী, শুভ্র, উত্তরণ, মোহর, সুইটকর্ন ইত্যাদি উন্নত জাতের ভুট্টার নাম।",static_historical,static,mediawiki_pre_cutoff_revision_or_official_history,mediawiki_revision;official_history;archived_official_page,temporal_evidence_date;supporting_excerpt;content_hash_sha256,"""বর্ণালী, শুভ্র, উত্তরণ, মোহর, সুইটকর্ন ইত্যাদি উন্নত জাতের ভুট্টার নাম।"" pre-cutoff mediawiki pre cutoff revision or official history","""বর্ণালী, শুভ্র, উত্তরণ, মোহর, সুইটকর্ন ইত্যাদি উন্নত জাতের ভুট্টার নাম।"" official source 2023-04-19",not_started,false,false
M3A-PILOT-025,BCSGK-0083,Kabaddi is the national sport of Bangladesh.,static_geographic,static,mediawiki_pre_cutoff_revision_or_official_geography,mediawiki_revision;official_geographic_record;archived_official_page,temporal_evidence_date;supporting_excerpt;content_hash_sha256,"""Kabaddi is the national sport of Bangladesh."" pre-cutoff mediawiki pre cutoff revision or official geography","""Kabaddi is the national sport of Bangladesh."" official source 2023-04-19",not_started,false,false
M3A-PILOT-026,BCSGK-0090,"The Karnaphuli Tunnel under the Karnaphuli River in Chattogram is the first underwater tunnel in South Asia, completed in 2023.",static_geographic,static,mediawiki_pre_cutoff_revision_or_official_geography,mediawiki_revision;official_geographic_record;archived_official_page,temporal_evidence_date;supporting_excerpt;content_hash_sha256,"""The Karnaphuli Tunnel under the Karnaphuli River in Chattogram is the first underwater tunnel in South Asia, completed in 2023."" pre-cutoff mediawiki pre cutoff revision or official geography","""The Karnaphuli Tunnel under the Karnaphuli River in Chattogram is the first underwater tun"" official source 2023-04-19",not_started,false,false
M3A-PILOT-027,BCSGK-0109,"The Bangladesh Military Academy is located in Bhatiari, Chattogram.",static_geographic,static,mediawiki_pre_cutoff_revision_or_official_geography,mediawiki_revision;official_geographic_record;archived_official_page,temporal_evidence_date;supporting_excerpt;content_hash_sha256,"""The Bangladesh Military Academy is located in Bhatiari, Chattogram."" pre-cutoff mediawiki pre cutoff revision or official geography","""The Bangladesh Military Academy is located in Bhatiari, Chattogram."" official source 2023-04-19",not_started,false,false
M3A-PILOT-028,BCSGK-0120,"The Padma Bridge is the longest bridge in Bangladesh, spanning 6.15 kilometers.",static_geographic,static,mediawiki_pre_cutoff_revision_or_official_geography,mediawiki_revision;official_geographic_record;archived_official_page,temporal_evidence_date;supporting_excerpt;content_hash_sha256,"""The Padma Bridge is the longest bridge in Bangladesh, spanning 6.15 kilometers."" pre-cutoff mediawiki pre cutoff revision or official geography","""The Padma Bridge is the longest bridge in Bangladesh, spanning 6.15 kilometers."" official source 2023-04-19",not_started,false,false
M3A-PILOT-029,BCSGK-0290,"কৃষি পরিসংখ্যান বর্ষগ্রন্থ, ২০২৪ অনুযায়ী, বাংলাদেশে সবচেয়ে বেশি পাট উৎপন্ন হয় ফরিদপুর জেলায়।",static_geographic,static,mediawiki_pre_cutoff_revision_or_official_geography,mediawiki_revision;official_geographic_record;archived_official_page,temporal_evidence_date;supporting_excerpt;content_hash_sha256,"""কৃষি পরিসংখ্যান বর্ষগ্রন্থ, ২০২৪ অনুযায়ী, বাংলাদেশে সবচেয়ে বেশি পাট উৎপন্ন হয় ফরিদপুর জেলায়।"" pre-cutoff mediawiki pre cutoff revision or official geography","""কৃষি পরিসংখ্যান বর্ষগ্রন্থ, ২০২৪ অনুযায়ী, বাংলাদেশে সবচেয়ে বেশি পাট উৎপন্ন হয় ফরিদপুর জ"" official source 2023-04-19",not_started,false,false
M3A-PILOT-030,BCSGK-0309,"বাংলাদেশ চা বোর্ড কর্তৃক নিবন্ধিত চা বাগানের সংখ্যা ১৭৩টি। এদের মধ্যে সর্বাধিক ৯০টি চা বাগান রয়েছে মৌলভীবাজার জেলায়। দ্বিতীয় সর্বাধিক ২৫টি চা বাগান রয়েছে হবিগঞ্জ জেলায়, চট্টগ্রাম জেলায় ২২টি এবং পঞ্চগড় জেলায় ১১টি চা বাগান রয়েছে।",static_geographic,static,mediawiki_pre_cutoff_revision_or_official_geography,mediawiki_revision;official_geographic_record;archived_official_page,temporal_evidence_date;supporting_excerpt;content_hash_sha256,"""বাংলাদেশ চা বোর্ড কর্তৃক নিবন্ধিত চা বাগানের সংখ্যা ১৭৩টি। এদের মধ্যে সর্বাধিক ৯০টি চা বাগান রয়েছে মৌলভীবাজার জেলায়। দ্বিতীয় সর্বাধিক ২৫ট"" pre-cutoff mediawiki pre cutoff revision or official geography","""বাংলাদেশ চা বোর্ড কর্তৃক নিবন্ধিত চা বাগানের সংখ্যা ১৭৩টি। এদের মধ্যে সর্বাধিক ৯০টি চা বাগ"" official source 2023-04-19",not_started,false,false
M3A-PILOT-031,BCSGK-0315,'জুম' চাষ পদ্ধতি চট্টগ্রাম ও পার্বত্য চট্টগ্রামের জেলাসমূহে দেখা যায়।,static_geographic,static,mediawiki_pre_cutoff_revision_or_official_geography,mediawiki_revision;official_geographic_record;archived_official_page,temporal_evidence_date;supporting_excerpt;content_hash_sha256,"""'জুম' চাষ পদ্ধতি চট্টগ্রাম ও পার্বত্য চট্টগ্রামের জেলাসমূহে দেখা যায়।"" pre-cutoff mediawiki pre cutoff revision or official geography","""'জুম' চাষ পদ্ধতি চট্টগ্রাম ও পার্বত্য চট্টগ্রামের জেলাসমূহে দেখা যায়।"" official source 2023-04-19",not_started,false,false
M3A-PILOT-032,BCSGK-0333,বাংলাদেশে গো-চারণের জন্য বাথান রয়েছে দুটি জেলায়। যথা-পাবনা ও সিরাজগঞ্জ।,static_geographic,static,mediawiki_pre_cutoff_revision_or_official_geography,mediawiki_revision;official_geographic_record;archived_official_page,temporal_evidence_date;supporting_excerpt;content_hash_sha256,"""বাংলাদেশে গো-চারণের জন্য বাথান রয়েছে দুটি জেলায়। যথা-পাবনা ও সিরাজগঞ্জ।"" pre-cutoff mediawiki pre cutoff revision or official geography","""বাংলাদেশে গো-চারণের জন্য বাথান রয়েছে দুটি জেলায়। যথা-পাবনা ও সিরাজগঞ্জ।"" official source 2023-04-19",not_started,false,false
M3A-PILOT-033,BCSGK-0336,"বাংলাদেশের কেন্দ্রীয় গো-প্রজনন খামার সাভার, ঢাকায় অবস্থিত। এছাড়া কেন্দ্রীয় মুরগি প্রজনন খামার মিরপুর, ঢাকায়; হাঁস প্রজনন খামার নারায়ণগঞ্জে; মহিষ প্রজনন ও উন্নয়ন খামার বাগেরহাটে এবং বেসরকারি কুমির প্রজনন কেন্দ্র ভালুকা, ময়মনসিংহে অবস্থিত।",static_geographic,static,mediawiki_pre_cutoff_revision_or_official_geography,mediawiki_revision;official_geographic_record;archived_official_page,temporal_evidence_date;supporting_excerpt;content_hash_sha256,"""বাংলাদেশের কেন্দ্রীয় গো-প্রজনন খামার সাভার, ঢাকায় অবস্থিত। এছাড়া কেন্দ্রীয় মুরগি প্রজনন খামার মিরপুর, ঢাকায়; হাঁস প্রজনন খামার নারায়ণগ"" pre-cutoff mediawiki pre cutoff revision or official geography","""বাংলাদেশের কেন্দ্রীয় গো-প্রজনন খামার সাভার, ঢাকায় অবস্থিত। এছাড়া কেন্দ্রীয় মুরগি প্রজন"" official source 2023-04-19",not_started,false,false
M3A-PILOT-034,BCSGK-0359,"গারো উপজাতিদের আবাসস্থল মূলত ময়মনসিংহ, শেরপুর, নেত্রকোণা, টাঙ্গাইল, জামালপুর, সুনামগঞ্জ ও সিলেট। বিরিশিরি নেত্রকোণা জেলার দুর্গাপুর উপজেলার ঐতিহ্যবাহী একটি গ্রাম।",static_geographic,static,mediawiki_pre_cutoff_revision_or_official_geography,mediawiki_revision;official_geographic_record;archived_official_page,temporal_evidence_date;supporting_excerpt;content_hash_sha256,"""গারো উপজাতিদের আবাসস্থল মূলত ময়মনসিংহ, শেরপুর, নেত্রকোণা, টাঙ্গাইল, জামালপুর, সুনামগঞ্জ ও সিলেট। বিরিশিরি নেত্রকোণা জেলার দুর্গাপুর উপজেলার"" pre-cutoff mediawiki pre cutoff revision or official geography","""গারো উপজাতিদের আবাসস্থল মূলত ময়মনসিংহ, শেরপুর, নেত্রকোণা, টাঙ্গাইল, জামালপুর, সুনামগঞ্জ ও"" official source 2023-04-19",not_started,false,false
M3A-PILOT-035,BCSGK-0033,"The official currency of Bangladesh is the Bangladeshi Taka (BDT), managed by Bangladesh Bank.",static_institutional,static,official_institutional_history,official_history;annual_report;archived_official_page,temporal_evidence_date;supporting_excerpt;content_hash_sha256,"""The official currency of Bangladesh is the Bangladeshi Taka (BDT), managed by Bangladesh Bank."" pre-cutoff official institutional history","""The official currency of Bangladesh is the Bangladeshi Taka (BDT), managed by Bangladesh B"" official source 2023-04-19",not_started,false,false
M3A-PILOT-036,BCSGK-0028,Abdus Salam served as Bangladesh's first Foreign Secretary from 1971 to 1972.,dynamic_officeholder,dynamic,official_appointment_or_gazette,official_gazette_pdf;appointment_notice;archived_official_page,temporal_evidence_date;supporting_excerpt;content_hash_sha256;valid_from;valid_to,"""Abdus Salam served as Bangladesh's first Foreign Secretary from 1971 to 1972."" pre-cutoff official appointment or gazette","""Abdus Salam served as Bangladesh's first Foreign Secretary from 1971 to 1972."" official source 2023-04-19",not_started,false,false
M3A-PILOT-037,BCSGK-0061,বাংলাদেশ সরকারি কর্ম কমিশন (পিএসসি) বিসিএস পরীক্ষা পরিচালনা করে প্রজাতন্ত্রের কর্মকর্তা নিয়োগের জন্য।,dynamic_officeholder,dynamic,official_appointment_or_gazette,official_gazette_pdf;appointment_notice;archived_official_page,temporal_evidence_date;supporting_excerpt;content_hash_sha256;valid_from;valid_to,"""বাংলাদেশ সরকারি কর্ম কমিশন (পিএসসি) বিসিএস পরীক্ষা পরিচালনা করে প্রজাতন্ত্রের কর্মকর্তা নিয়োগের জন্য।"" pre-cutoff official appointment or gazette","""বাংলাদেশ সরকারি কর্ম কমিশন (পিএসসি) বিসিএস পরীক্ষা পরিচালনা করে প্রজাতন্ত্রের কর্মকর্তা নি"" official source 2023-04-19",not_started,false,false
M3A-PILOT-038,BCSGK-0557,১৯৭৪ সালে সর্বপ্রথম সাদা পোশাকে স্পেশাল ব্র্যাঞ্চে ১২ জন মহিলা পুলিশ নিয়োগ করা হয়। ইউনিফর্মধারী নারী পুলিশের যাত্রা শুরু হয় ১৯৭৬ সালে। অতঃপর ১৯৭৮ সালে ঢাকা মহানগর পুলিশে মহিলা নিয়োগ করা হয়।,dynamic_officeholder,dynamic,official_appointment_or_gazette,official_gazette_pdf;appointment_notice;archived_official_page,temporal_evidence_date;supporting_excerpt;content_hash_sha256;valid_from;valid_to,"""১৯৭৪ সালে সর্বপ্রথম সাদা পোশাকে স্পেশাল ব্র্যাঞ্চে ১২ জন মহিলা পুলিশ নিয়োগ করা হয়। ইউনিফর্মধারী নারী পুলিশের যাত্রা শুরু হয় ১৯৭৬ সালে। অত"" pre-cutoff official appointment or gazette","""১৯৭৪ সালে সর্বপ্রথম সাদা পোশাকে স্পেশাল ব্র্যাঞ্চে ১২ জন মহিলা পুলিশ নিয়োগ করা হয়। ইউনিফ"" official source 2023-04-19",not_started,false,false
M3A-PILOT-039,BCSGK-0071,The Ganges Water Treaty between Bangladesh and India was signed in 1996 for sharing Ganges waters at Farakka.,dynamic_policy_legal,dynamic,legal_or_policy_document,official_gazette_pdf;law_or_code;ministry_notification;treaty_document,temporal_evidence_date;supporting_excerpt;content_hash_sha256;valid_from;valid_to,"""The Ganges Water Treaty between Bangladesh and India was signed in 1996 for sharing Ganges waters at Farakka."" pre-cutoff legal or policy document","""The Ganges Water Treaty between Bangladesh and India was signed in 1996 for sharing Ganges"" official source 2023-04-19",not_started,false,false
M3A-PILOT-040,BCSGK-0073,The Chittagong Hill Tracts Peace Accord was signed on 2 December 1997 between the government and the Parbatya Chattagram Jana Samhati Samiti.,dynamic_policy_legal,dynamic,legal_or_policy_document,official_gazette_pdf;law_or_code;ministry_notification;treaty_document,temporal_evidence_date;supporting_excerpt;content_hash_sha256;valid_from;valid_to,"""The Chittagong Hill Tracts Peace Accord was signed on 2 December 1997 between the government and the Parbatya Chattagram Jana Samhati Samiti"" pre-cutoff legal or policy document","""The Chittagong Hill Tracts Peace Accord was signed on 2 December 1997 between the governme"" official source 2023-04-19",not_started,false,false
M3A-PILOT-041,BCSGK-0331,দেশের মৎস্য সম্পদ সংরক্ষণের নিমিত্তে বাংলাদেশের মৎস্য আইনে ২৩ সেন্টিমিটারের (প্রায় ৯ ইঞ্চি) কম দৈর্ঘ্যের রুই জাতীয় মাছের পোনা মারা এবং ২৫ সেন্টিমিটারের (প্রায় ১০ ইঞ্চি) কম দৈর্ঘ্যের ইলিশ (জাটকা) ধরা নিষেধ।,dynamic_policy_legal,dynamic,legal_or_policy_document,official_gazette_pdf;law_or_code;ministry_notification;treaty_document,temporal_evidence_date;supporting_excerpt;content_hash_sha256;valid_from;valid_to,"""দেশের মৎস্য সম্পদ সংরক্ষণের নিমিত্তে বাংলাদেশের মৎস্য আইনে ২৩ সেন্টিমিটারের (প্রায় ৯ ইঞ্চি) কম দৈর্ঘ্যের রুই জাতীয় মাছের পোনা মারা এবং ২৫ "" pre-cutoff legal or policy document","""দেশের মৎস্য সম্পদ সংরক্ষণের নিমিত্তে বাংলাদেশের মৎস্য আইনে ২৩ সেন্টিমিটারের (প্রায় ৯ ইঞ্চ"" official source 2023-04-19",not_started,false,false
M3A-PILOT-042,BCSGK-0370,"পার্বত্য চট্টগ্রাম শান্তিচুক্তি ২ ডিসেম্বর, ১৯৯৭ সালে স্বাক্ষরিত হয়।",dynamic_policy_legal,dynamic,legal_or_policy_document,official_gazette_pdf;law_or_code;ministry_notification;treaty_document,temporal_evidence_date;supporting_excerpt;content_hash_sha256;valid_from;valid_to,"""পার্বত্য চট্টগ্রাম শান্তিচুক্তি ২ ডিসেম্বর, ১৯৯৭ সালে স্বাক্ষরিত হয়।"" pre-cutoff legal or policy document","""পার্বত্য চট্টগ্রাম শান্তিচুক্তি ২ ডিসেম্বর, ১৯৯৭ সালে স্বাক্ষরিত হয়।"" official source 2023-04-19",not_started,false,false
M3A-PILOT-043,BCSGK-0374,"ঢাকা বিশ্ববিদ্যালয় বিল ১৮ মার্চ, ১৯২০ সালে আইনে পরিণত হয় এবং উক্ত আইনের অধীনে ১৯২১ সালের ১লা জুলাই কার্যক্রম শুরু হয়।",dynamic_policy_legal,dynamic,legal_or_policy_document,official_gazette_pdf;law_or_code;ministry_notification;treaty_document,temporal_evidence_date;supporting_excerpt;content_hash_sha256;valid_from;valid_to,"""ঢাকা বিশ্ববিদ্যালয় বিল ১৮ মার্চ, ১৯২০ সালে আইনে পরিণত হয় এবং উক্ত আইনের অধীনে ১৯২১ সালের ১লা জুলাই কার্যক্রম শুরু হয়।"" pre-cutoff legal or policy document","""ঢাকা বিশ্ববিদ্যালয় বিল ১৮ মার্চ, ১৯২০ সালে আইনে পরিণত হয় এবং উক্ত আইনের অধীনে ১৯২১ সালের"" official source 2023-04-19",not_started,false,false
M3A-PILOT-044,BCSGK-0403,বাংলাদেশের অর্থনৈতিক উন্নয়ন প্রকল্প ও নীতি অনুমোদনের ক্ষেত্রে কাঠামোগত স্তরবিন্যাস অনুযায়ী ECNEC-ই হলো চূড়ান্ত ও সর্বোচ্চ নির্বাহী কর্তৃপক্ষ। ECNEC (Executive Committee of the National Economic Council) উন্নয়ন প্রকল্পগুলোর চূড়ান্ত অনুমোদন এখান থেকেই আসে।,dynamic_policy_legal,dynamic,legal_or_policy_document,official_gazette_pdf;law_or_code;ministry_notification;treaty_document,temporal_evidence_date;supporting_excerpt;content_hash_sha256;valid_from;valid_to,"""বাংলাদেশের অর্থনৈতিক উন্নয়ন প্রকল্প ও নীতি অনুমোদনের ক্ষেত্রে কাঠামোগত স্তরবিন্যাস অনুযায়ী ECNEC-ই হলো চূড়ান্ত ও সর্বোচ্চ নির্বাহী কর্তৃপ"" pre-cutoff legal or policy document","""বাংলাদেশের অর্থনৈতিক উন্নয়ন প্রকল্প ও নীতি অনুমোদনের ক্ষেত্রে কাঠামোগত স্তরবিন্যাস অনুযায"" official source 2023-04-19",not_started,false,false
M3A-PILOT-045,BCSGK-0405,"২৫ ফেব্রুয়ারি, ২০২০ জাতীয় অর্থনৈতিক পরিষদে (NEC) দ্বিতীয় প্রেক্ষিত পরিকল্পনা গৃহীত হয়। এর মেয়াদ ২০২১-২০৪১। এটি তৈরি করেছে সাধারণ অর্থনীতি বিভাগ (GED)। প্রথম প্রেক্ষিত পরিকল্পনার মেয়াদকাল ছিল ২০১০-২০২১।",dynamic_policy_legal,dynamic,legal_or_policy_document,official_gazette_pdf;law_or_code;ministry_notification;treaty_document,temporal_evidence_date;supporting_excerpt;content_hash_sha256;valid_from;valid_to,"""২৫ ফেব্রুয়ারি, ২০২০ জাতীয় অর্থনৈতিক পরিষদে (NEC) দ্বিতীয় প্রেক্ষিত পরিকল্পনা গৃহীত হয়। এর মেয়াদ ২০২১-২০৪১। এটি তৈরি করেছে সাধারণ অর্থনী"" pre-cutoff legal or policy document","""২৫ ফেব্রুয়ারি, ২০২০ জাতীয় অর্থনৈতিক পরিষদে (NEC) দ্বিতীয় প্রেক্ষিত পরিকল্পনা গৃহীত হয়।"" official source 2023-04-19",not_started,false,false
M3A-PILOT-046,BCSGK-0032,"Bangladesh is the world's second-largest garment exporter after China, with RMG exports exceeding $40 billion in 2023.",dynamic_statistical,dynamic,bbs_or_official_statistical_report,official_statistical_report;central_bank_report;annual_report,temporal_evidence_date;supporting_excerpt;content_hash_sha256;valid_from;valid_to,"""Bangladesh is the world's second-largest garment exporter after China, with RMG exports exceeding $40 billion in 2023."" pre-cutoff bbs or official statistical report","""Bangladesh is the world's second-largest garment exporter after China, with RMG exports ex"" official source 2023-04-19",not_started,false,false
M3A-PILOT-047,BCSGK-0034,"Bangladesh is the world's largest producer of jute, supplying over 33% of global jute output.",dynamic_statistical,dynamic,bbs_or_official_statistical_report,official_statistical_report;central_bank_report;annual_report,temporal_evidence_date;supporting_excerpt;content_hash_sha256;valid_from;valid_to,"""Bangladesh is the world's largest producer of jute, supplying over 33% of global jute output."" pre-cutoff bbs or official statistical report","""Bangladesh is the world's largest producer of jute, supplying over 33% of global jute outp"" official source 2023-04-19",not_started,false,false
M3A-PILOT-048,BCSGK-0039,Bangladesh achieved lower-middle income country status in 2015 according to World Bank classification.,dynamic_statistical,dynamic,bbs_or_official_statistical_report,official_statistical_report;central_bank_report;annual_report,temporal_evidence_date;supporting_excerpt;content_hash_sha256;valid_from;valid_to,"""Bangladesh achieved lower-middle income country status in 2015 according to World Bank classification."" pre-cutoff bbs or official statistical report","""Bangladesh achieved lower-middle income country status in 2015 according to World Bank cla"" official source 2023-04-19",not_started,false,false
M3A-PILOT-049,BCSGK-0070,"বাংলাদেশ ওআইসি (ইসলামী সহযোগিতা সংস্থা)-এর সদস্য, যা ৫৭টি মুসলিম-সংখ্যাগরিষ্ঠ দেশের সংগঠন।",dynamic_award_or_membership,dynamic,official_award_or_membership_record,official_award_record;treaty_document;official_gazette_pdf,temporal_evidence_date;supporting_excerpt;content_hash_sha256;valid_from;valid_to,"""বাংলাদেশ ওআইসি (ইসলামী সহযোগিতা সংস্থা)-এর সদস্য, যা ৫৭টি মুসলিম-সংখ্যাগরিষ্ঠ দেশের সংগঠন।"" pre-cutoff official award or membership record","""বাংলাদেশ ওআইসি (ইসলামী সহযোগিতা সংস্থা)-এর সদস্য, যা ৫৭টি মুসলিম-সংখ্যাগরিষ্ঠ দেশের সংগঠন।"" official source 2023-04-19",not_started,false,false
M3A-PILOT-050,BCSGK-0116,বাংলাদেশ ২০২৪ সালে জাতিসংঘ মানবাধিকার পরিষদের সদস্য নির্বাচিত হয়।,dynamic_award_or_membership,dynamic,official_award_or_membership_record,official_award_record;treaty_document;official_gazette_pdf,temporal_evidence_date;supporting_excerpt;content_hash_sha256;valid_from;valid_to,"""বাংলাদেশ ২০২৪ সালে জাতিসংঘ মানবাধিকার পরিষদের সদস্য নির্বাচিত হয়।"" pre-cutoff official award or membership record","""বাংলাদেশ ২০২৪ সালে জাতিসংঘ মানবাধিকার পরিষদের সদস্য নির্বাচিত হয়।"" official source 2023-04-19",not_started,false,false
