fact_id,claim_text,subject,predicate,object,suggested_claim_domain,suggested_temporal_class,suggested_source_route,priority_band,leakage_flag,duplicate_candidate_id,confidence,heuristic_reason,search_template_1,search_template_2,reviewer_final_class,reviewer_status,reviewer_id,reviewed_at,reviewer_notes
BCSGK-0019,"বাংলাদেশের মোট আয়তন ১,৪৭,৫৭০ বর্গ কিলোমিটার।",['Bangladesh'],STATED_AS,[],malformed,needs_clarification,manual_review,P4,not_yet_checked,DUP_0f7aa2c2f4,0.45,claim structure is incomplete,"""Bangladesh"" """" ""STATED_AS"" pre-2023 official","""বাংলাদেশের মোট আয়তন ১,৪৭,৫৭০ বর্গ কিলোমিটার।"" manual review",,unreviewed,,,
BCSGK-0025,Muhammad Yunus was appointed as the Chief Adviser of Bangladesh's interim government in August 2024.,['Muhammad Yunus'],STATED_AS,['Bangladesh'],ambiguous,needs_clarification,manual_review,P4,not_yet_checked,,0.45,manual claim-type review required,"""Muhammad Yunus"" ""Bangladesh"" ""STATED_AS"" pre-2023 official","""Muhammad Yunus was appointed as the Chief Adviser of Bangladesh's interim government in August 2024."" manual review",,unreviewed,,,
BCSGK-0027,General Waker-Uz-Zaman was appointed as the Chief of Army Staff of Bangladesh in June 2024.,['Waker-Uz-Zaman'],STATED_AS,['Bangladesh Army'],ambiguous,needs_clarification,manual_review,P4,not_yet_checked,,0.45,manual claim-type review required,"""Waker-Uz-Zaman"" ""Bangladesh Army"" ""STATED_AS"" pre-2023 official","""General Waker-Uz-Zaman was appointed as the Chief of Army Staff of Bangladesh in June 2024."" manual review",,unreviewed,,,
BCSGK-0028,Abdus Salam served as Bangladesh's first Foreign Secretary from 1971 to 1972.,['Abdus Salam'],STATED_AS,['Bangladesh'],ambiguous,needs_clarification,manual_review,P4,not_yet_checked,,0.45,manual claim-type review required,"""Abdus Salam"" ""Bangladesh"" ""STATED_AS"" pre-2023 official","""Abdus Salam served as Bangladesh's first Foreign Secretary from 1971 to 1972."" manual review",,unreviewed,,,
BCSGK-0032,"Bangladesh is the world's second-largest garment exporter after China, with RMG exports exceeding $40 billion in 2023.",['Bangladesh'],STATED_AS,['China'],ambiguous,needs_clarification,manual_review,P4,not_yet_checked,,0.45,manual claim-type review required,"""Bangladesh"" ""China"" ""STATED_AS"" pre-2023 official","""Bangladesh is the world's second-largest garment exporter after China, with RMG exports exceeding $4"" manual review",,unreviewed,,,
BCSGK-0033,"The official currency of Bangladesh is the Bangladeshi Taka (BDT), managed by Bangladesh Bank.",['Bangladeshi Taka'],STATED_AS,['Bangladesh Bank'],ambiguous,needs_clarification,manual_review,P4,not_yet_checked,,0.45,manual claim-type review required,"""Bangladeshi Taka"" ""Bangladesh Bank"" ""STATED_AS"" pre-2023 official","""The official currency of Bangladesh is the Bangladeshi Taka (BDT), managed by Bangladesh Bank."" manual review",,unreviewed,,,
BCSGK-0034,"Bangladesh is the world's largest producer of jute, supplying over 33% of global jute output.",['Bangladesh'],STATED_AS,['Jute'],ambiguous,needs_clarification,manual_review,P4,not_yet_checked,,0.45,manual claim-type review required,"""Bangladesh"" ""Jute"" ""STATED_AS"" pre-2023 official","""Bangladesh is the world's largest producer of jute, supplying over 33% of global jute output."" manual review",,unreviewed,,,
BCSGK-0035,"Bangladesh's GDP was approximately $460 billion (PPP) in 2023, making it the 25th largest economy.",['Bangladesh'],STATED_AS,[],malformed,needs_clarification,manual_review,P4,not_yet_checked,DUP_0f7aa2c2f4,0.45,claim structure is incomplete,"""Bangladesh"" """" ""STATED_AS"" pre-2023 official","""Bangladesh's GDP was approximately $460 billion (PPP) in 2023, making it the 25th largest economy."" manual review",,unreviewed,,,
BCSGK-0036,Remittances from Bangladeshi diaspora workers exceeded $21 billion in 2023.,['Bangladesh'],STATED_AS,[],malformed,needs_clarification,manual_review,P4,not_yet_checked,DUP_0f7aa2c2f4,0.45,claim structure is incomplete,"""Bangladesh"" """" ""STATED_AS"" pre-2023 official","""Remittances from Bangladeshi diaspora workers exceeded $21 billion in 2023."" manual review",,unreviewed,,,
BCSGK-0037,"বাংলাদেশের প্রধান রপ্তানি পণ্য হলো তৈরি পোশাক, যা মোট রপ্তানি আয়ের ৮৪% এরও বেশি।",['Bangladesh'],STATED_AS,[],malformed,needs_clarification,manual_review,P4,not_yet_checked,DUP_0f7aa2c2f4,0.45,claim structure is incomplete,"""Bangladesh"" """" ""STATED_AS"" pre-2023 official","""বাংলাদেশের প্রধান রপ্তানি পণ্য হলো তৈরি পোশাক, যা মোট রপ্তানি আয়ের ৮৪% এরও বেশি।"" manual review",,unreviewed,,,
BCSGK-0039,Bangladesh achieved lower-middle income country status in 2015 according to World Bank classification.,['Bangladesh'],STATED_AS,['World Bank'],ambiguous,needs_clarification,manual_review,P4,not_yet_checked,,0.45,manual claim-type review required,"""Bangladesh"" ""World Bank"" ""STATED_AS"" pre-2023 official","""Bangladesh achieved lower-middle income country status in 2015 according to World Bank classificatio"" manual review",,unreviewed,,,
BCSGK-0059,Bangladesh has a literacy rate of approximately 74.66% as of the 2022 census.,['Bangladesh'],STATED_AS,[],malformed,needs_clarification,manual_review,P4,not_yet_checked,DUP_0f7aa2c2f4,0.45,claim structure is incomplete,"""Bangladesh"" """" ""STATED_AS"" pre-2023 official","""Bangladesh has a literacy rate of approximately 74.66% as of the 2022 census."" manual review",,unreviewed,,,
BCSGK-0061,বাংলাদেশ সরকারি কর্ম কমিশন (পিএসসি) বিসিএস পরীক্ষা পরিচালনা করে প্রজাতন্ত্রের কর্মকর্তা নিয়োগের জন্য।,['Bangladesh Public Service Commission'],STATED_AS,['Bangladesh'],ambiguous,needs_clarification,manual_review,P4,not_yet_checked,,0.45,manual claim-type review required,"""Bangladesh Public Service Commission"" ""Bangladesh"" ""STATED_AS"" pre-2023 official","""বাংলাদেশ সরকারি কর্ম কমিশন (পিএসসি) বিসিএস পরীক্ষা পরিচালনা করে প্রজাতন্ত্রের কর্মকর্তা নিয়োগের জন্য"" manual review",,unreviewed,,,
BCSGK-0064,The primary education completion rate in Bangladesh reached 98% by 2023.,['Bangladesh'],STATED_AS,[],malformed,needs_clarification,manual_review,P4,not_yet_checked,DUP_0f7aa2c2f4,0.45,claim structure is incomplete,"""Bangladesh"" """" ""STATED_AS"" pre-2023 official","""The primary education completion rate in Bangladesh reached 98% by 2023."" manual review",,unreviewed,,,
BCSGK-0065,"The Bangladesh Madrasah Education Board oversees over 9,000 madrasahs across the country.",['Madrasah Education Board'],STATED_AS,['Bangladesh'],ambiguous,needs_clarification,manual_review,P4,not_yet_checked,,0.45,manual claim-type review required,"""Madrasah Education Board"" ""Bangladesh"" ""STATED_AS"" pre-2023 official","""The Bangladesh Madrasah Education Board oversees over 9,000 madrasahs across the country."" manual review",,unreviewed,,,
BCSGK-0067,"Bangladesh is one of the largest contributors to UN peacekeeping operations, with over 6,500 personnel deployed globally.",['Bangladesh'],STATED_AS,['United Nations'],ambiguous,needs_clarification,manual_review,P4,not_yet_checked,DUP_2a415fe466,0.45,manual claim-type review required,"""Bangladesh"" ""United Nations"" ""STATED_AS"" pre-2023 official","""Bangladesh is one of the largest contributors to UN peacekeeping operations, with over 6,500 personn"" manual review",,unreviewed,,,
BCSGK-0070,"বাংলাদেশ ওআইসি (ইসলামী সহযোগিতা সংস্থা)-এর সদস্য, যা ৫৭টি মুসলিম-সংখ্যাগরিষ্ঠ দেশের সংগঠন।",['Bangladesh'],STATED_AS,['OIC'],ambiguous,needs_clarification,manual_review,P4,not_yet_checked,,0.45,manual claim-type review required,"""Bangladesh"" ""OIC"" ""STATED_AS"" pre-2023 official","""বাংলাদেশ ওআইসি (ইসলামী সহযোগিতা সংস্থা)-এর সদস্য, যা ৫৭টি মুসলিম-সংখ্যাগরিষ্ঠ দেশের সংগঠন।"" manual review",,unreviewed,,,
BCSGK-0071,The Ganges Water Treaty between Bangladesh and India was signed in 1996 for sharing Ganges waters at Farakka.,['Ganges Water Treaty'],STATED_AS,"['Bangladesh', 'India']",ambiguous,needs_clarification,manual_review,P4,not_yet_checked,,0.45,manual claim-type review required,"""Ganges Water Treaty"" ""Bangladesh"" ""STATED_AS"" pre-2023 official","""The Ganges Water Treaty between Bangladesh and India was signed in 1996 for sharing Ganges waters at"" manual review",,unreviewed,,,
BCSGK-0073,The Chittagong Hill Tracts Peace Accord was signed on 2 December 1997 between the government and the Parbatya Chattagram Jana Samhati Samiti.,['Chittagong Hill Tracts Peace Accord'],STATED_AS,['Bangladesh'],ambiguous,needs_clarification,manual_review,P4,not_yet_checked,,0.45,manual claim-type review required,"""Chittagong Hill Tracts Peace Accord"" ""Bangladesh"" ""STATED_AS"" pre-2023 official","""The Chittagong Hill Tracts Peace Accord was signed on 2 December 1997 between the government and the"" manual review",,unreviewed,,,
BCSGK-0074,"Bangabandhu-1, Bangladesh's first geostationary communications satellite, was launched on 12 May 2018 by SpaceX.",['Bangabandhu-1'],STATED_AS,['Bangladesh'],ambiguous,needs_clarification,manual_review,P4,not_yet_checked,,0.45,manual claim-type review required,"""Bangabandhu-1"" ""Bangladesh"" ""STATED_AS"" pre-2023 official","""Bangabandhu-1, Bangladesh's first geostationary communications satellite, was launched on 12 May 201"" manual review",,unreviewed,,,
BCSGK-0077,বাংলাদেশে ইন্টারনেট ব্যবহারকারীর সংখ্যা ২০২৩ সালে ১৩ কোটি ছাড়িয়ে গেছে।,['Bangladesh'],STATED_AS,[],malformed,needs_clarification,manual_review,P4,not_yet_checked,DUP_0f7aa2c2f4,0.45,claim structure is incomplete,"""Bangladesh"" """" ""STATED_AS"" pre-2023 official","""বাংলাদেশে ইন্টারনেট ব্যবহারকারীর সংখ্যা ২০২৩ সালে ১৩ কোটি ছাড়িয়ে গেছে।"" manual review",,unreviewed,,,
BCSGK-0078,Bangladesh's submarine cable connection to the SEA-ME-WE 4 network provides international internet bandwidth since 2006.,['SEA-ME-WE 4'],STATED_AS,['Bangladesh'],ambiguous,needs_clarification,manual_review,P4,not_yet_checked,,0.45,manual claim-type review required,"""SEA-ME-WE 4"" ""Bangladesh"" ""STATED_AS"" pre-2023 official","""Bangladesh's submarine cable connection to the SEA-ME-WE 4 network provides international internet b"" manual review",,unreviewed,,,
BCSGK-0079,"Dr. Maksudul Alam led the team that sequenced the genome of jute in 2010, a first for Bangladesh.",['Maksudul Alam'],STATED_AS,['Bangladesh'],ambiguous,needs_clarification,manual_review,P4,not_yet_checked,,0.45,manual claim-type review required,"""Maksudul Alam"" ""Bangladesh"" ""STATED_AS"" pre-2023 official","""Dr. Maksudul Alam led the team that sequenced the genome of jute in 2010, a first for Bangladesh."" manual review",,unreviewed,,,
BCSGK-0081,Shakib Al Hasan is the highest wicket-taker for Bangladesh in international cricket with over 700 wickets across formats.,['Shakib Al Hasan'],STATED_AS,['Bangladesh'],ambiguous,needs_clarification,manual_review,P4,not_yet_checked,,0.45,manual claim-type review required,"""Shakib Al Hasan"" ""Bangladesh"" ""STATED_AS"" pre-2023 official","""Shakib Al Hasan is the highest wicket-taker for Bangladesh in international cricket with over 700 wi"" manual review",,unreviewed,,,
BCSGK-0083,Kabaddi is the national sport of Bangladesh.,['Kabaddi'],STATED_AS,['Bangladesh'],ambiguous,needs_clarification,manual_review,P4,not_yet_checked,,0.45,manual claim-type review required,"""Kabaddi"" ""Bangladesh"" ""STATED_AS"" pre-2023 official","""Kabaddi is the national sport of Bangladesh."" manual review",,unreviewed,,,
BCSGK-0084,বাংলাদেশের জাতীয় ক্রিকেট দলের প্রথম টেস্ট ম্যাচ ছিল ভারতের বিরুদ্ধে ২০০০ সালের নভেম্বরে।,['Bangladesh'],STATED_AS,['India'],ambiguous,needs_clarification,manual_review,P4,not_yet_checked,,0.45,manual claim-type review required,"""Bangladesh"" ""India"" ""STATED_AS"" pre-2023 official","""বাংলাদেশের জাতীয় ক্রিকেট দলের প্রথম টেস্ট ম্যাচ ছিল ভারতের বিরুদ্ধে ২০০০ সালের নভেম্বরে।"" manual review",,unreviewed,,,
BCSGK-0085,Grameenphone Dhaka Premier League and the Bangladesh Premier League are the top domestic cricket tournaments.,['Dhaka Premier League'],STATED_AS,['Bangladesh'],ambiguous,needs_clarification,manual_review,P4,not_yet_checked,,0.45,manual claim-type review required,"""Dhaka Premier League"" ""Bangladesh"" ""STATED_AS"" pre-2023 official","""Grameenphone Dhaka Premier League and the Bangladesh Premier League are the top domestic cricket tou"" manual review",,unreviewed,,,
BCSGK-0087,"The Dhaka Metro Rail (MRT Line-6), Bangladesh's first metro system, began commercial operations on 28 December 2022.",['Dhaka Metro Rail'],STATED_AS,['Dhaka'],ambiguous,needs_clarification,manual_review,P4,not_yet_checked,,0.45,manual claim-type review required,"""Dhaka Metro Rail"" ""Dhaka"" ""STATED_AS"" pre-2023 official","""The Dhaka Metro Rail (MRT Line-6), Bangladesh's first metro system, began commercial operations on 2"" manual review",,unreviewed,,,
BCSGK-0088,"Hazrat Shahjalal International Airport in Dhaka is the busiest airport in Bangladesh, handling over 8 million passengers annually.",['Hazrat Shahjalal International Airport'],STATED_AS,['Dhaka'],ambiguous,needs_clarification,manual_review,P4,not_yet_checked,,0.45,manual claim-type review required,"""Hazrat Shahjalal International Airport"" ""Dhaka"" ""STATED_AS"" pre-2023 official","""Hazrat Shahjalal International Airport in Dhaka is the busiest airport in Bangladesh, handling over "" manual review",,unreviewed,,,
BCSGK-0089,"বাংলাদেশ রেলওয়ে ২,৯৫৬ কিলোমিটার রেলপথ পরিচালনা করে, যার মধ্যে ব্রড গেজ ও মিটার গেজ উভয়ই রয়েছে।",['Bangladesh Railway'],STATED_AS,['Bangladesh'],ambiguous,needs_clarification,manual_review,P4,not_yet_checked,,0.45,manual claim-type review required,"""Bangladesh Railway"" ""Bangladesh"" ""STATED_AS"" pre-2023 official","""বাংলাদেশ রেলওয়ে ২,৯৫৬ কিলোমিটার রেলপথ পরিচালনা করে, যার মধ্যে ব্রড গেজ ও মিটার গেজ উভয়ই রয়েছে।"" manual review",,unreviewed,,,
BCSGK-0090,"The Karnaphuli Tunnel under the Karnaphuli River in Chattogram is the first underwater tunnel in South Asia, completed in 2023.",['Karnaphuli Tunnel'],STATED_AS,['Chattogram'],ambiguous,needs_clarification,manual_review,P4,not_yet_checked,,0.45,manual claim-type review required,"""Karnaphuli Tunnel"" ""Chattogram"" ""STATED_AS"" pre-2023 official","""The Karnaphuli Tunnel under the Karnaphuli River in Chattogram is the first underwater tunnel in Sou"" manual review",,unreviewed,,,
BCSGK-0091,"Mongla Port, located in Bagerhat district, is the second largest seaport of Bangladesh.",['Mongla Port'],located_in,['Bagerhat'],static_geographic,static,mediawiki_pre_cutoff_revision_or_official_geography,P1,not_yet_checked,,0.82,geographic claim can use a pre-cutoff snapshot,"""Mongla Port"" ""Bagerhat"" ""located_in"" pre-2023 official","""Mongla Port, located in Bagerhat district, is the second largest seaport of Bangladesh."" mediawiki pre cutoff revision or official geography",,unreviewed,,,
BCSGK-0092,"Bangladesh is the 8th most populous country in the world, with a population exceeding 170 million as of 2023.",['Bangladesh'],STATED_AS,[],malformed,needs_clarification,manual_review,P4,not_yet_checked,DUP_0f7aa2c2f4,0.45,claim structure is incomplete,"""Bangladesh"" """" ""STATED_AS"" pre-2023 official","""Bangladesh is the 8th most populous country in the world, with a population exceeding 170 million as"" manual review",,unreviewed,,,
BCSGK-0093,"Bangladesh has a population density of approximately 1,265 people per square kilometer, one of the highest in the world.",['Bangladesh'],STATED_AS,[],malformed,needs_clarification,manual_review,P4,not_yet_checked,DUP_0f7aa2c2f4,0.45,claim structure is incomplete,"""Bangladesh"" """" ""STATED_AS"" pre-2023 official","""Bangladesh has a population density of approximately 1,265 people per square kilometer, one of the h"" manual review",,unreviewed,,,
BCSGK-0095,"Bangladesh is home to the largest refugee settlement in the world at Kutupalong, housing over 1 million Rohingya refugees from Myanmar.",['Kutupalong'],STATED_AS,"['Bangladesh', 'Myanmar']",ambiguous,needs_clarification,manual_review,P4,not_yet_checked,,0.45,manual claim-type review required,"""Kutupalong"" ""Bangladesh"" ""STATED_AS"" pre-2023 official","""Bangladesh is home to the largest refugee settlement in the world at Kutupalong, housing over 1 mill"" manual review",,unreviewed,,,
BCSGK-0096,বাংলাদেশের গড় আয়ু ২০২৩ সালে ৭২.৩ বছর।,['Bangladesh'],STATED_AS,[],malformed,needs_clarification,manual_review,P4,not_yet_checked,DUP_0f7aa2c2f4,0.45,claim structure is incomplete,"""Bangladesh"" """" ""STATED_AS"" pre-2023 official","""বাংলাদেশের গড় আয়ু ২০২৩ সালে ৭২.৩ বছর।"" manual review",,unreviewed,,,
BCSGK-0106,"The Bangladesh Armed Forces consist of three branches: the Bangladesh Army, the Bangladesh Navy, and the Bangladesh Air Force.",['Bangladesh Armed Forces'],STATED_AS,['Bangladesh'],ambiguous,needs_clarification,manual_review,P4,not_yet_checked,,0.45,manual claim-type review required,"""Bangladesh Armed Forces"" ""Bangladesh"" ""STATED_AS"" pre-2023 official","""The Bangladesh Armed Forces consist of three branches: the Bangladesh Army, the Bangladesh Navy, and"" manual review",,unreviewed,,,
BCSGK-0107,"Bangladesh Armed Forces Day is observed on 21 November, commemorating the 1971 Liberation War.",['Armed Forces Day'],STATED_AS,['Bangladesh'],ambiguous,needs_clarification,manual_review,P4,not_yet_checked,,0.45,manual claim-type review required,"""Armed Forces Day"" ""Bangladesh"" ""STATED_AS"" pre-2023 official","""Bangladesh Armed Forces Day is observed on 21 November, commemorating the 1971 Liberation War."" manual review",,unreviewed,,,
BCSGK-0108,"BNS Bangabandhu is the flagship of the Bangladesh Navy, a guided missile frigate commissioned in 2001.",['BNS Bangabandhu'],STATED_AS,['Bangladesh'],ambiguous,needs_clarification,manual_review,P4,not_yet_checked,,0.45,manual claim-type review required,"""BNS Bangabandhu"" ""Bangladesh"" ""STATED_AS"" pre-2023 official","""BNS Bangabandhu is the flagship of the Bangladesh Navy, a guided missile frigate commissioned in 200"" manual review",,unreviewed,,,
BCSGK-0109,"The Bangladesh Military Academy is located in Bhatiari, Chattogram.",['Bangladesh Military Academy'],located_in,['Chattogram'],static_geographic,static,mediawiki_pre_cutoff_revision_or_official_geography,P1,not_yet_checked,,0.82,geographic claim can use a pre-cutoff snapshot,"""Bangladesh Military Academy"" ""Chattogram"" ""located_in"" pre-2023 official","""The Bangladesh Military Academy is located in Bhatiari, Chattogram."" mediawiki pre cutoff revision or official geography",,unreviewed,,,
BCSGK-0110,"Bangladesh has a tropical monsoon climate, with an average annual rainfall of 2,300 mm.",['Bangladesh'],STATED_AS,[],malformed,needs_clarification,manual_review,P4,not_yet_checked,DUP_0f7aa2c2f4,0.45,claim structure is incomplete,"""Bangladesh"" """" ""STATED_AS"" pre-2023 official","""Bangladesh has a tropical monsoon climate, with an average annual rainfall of 2,300 mm."" manual review",,unreviewed,,,
BCSGK-0111,"Sylhet receives the highest rainfall in Bangladesh, averaging over 4,000 mm annually.",['Sylhet'],STATED_AS,['Bangladesh'],ambiguous,needs_clarification,manual_review,P4,not_yet_checked,,0.45,manual claim-type review required,"""Sylhet"" ""Bangladesh"" ""STATED_AS"" pre-2023 official","""Sylhet receives the highest rainfall in Bangladesh, averaging over 4,000 mm annually."" manual review",,unreviewed,,,
BCSGK-0112,"Bangladesh is one of the most climate-vulnerable countries, with about 17% of its land area expected to be inundated by a 1-meter sea level rise.",['Bangladesh'],STATED_AS,[],malformed,needs_clarification,manual_review,P4,not_yet_checked,DUP_0f7aa2c2f4,0.45,claim structure is incomplete,"""Bangladesh"" """" ""STATED_AS"" pre-2023 official","""Bangladesh is one of the most climate-vulnerable countries, with about 17% of its land area expected"" manual review",,unreviewed,,,
BCSGK-0113,Bangladesh is scheduled to graduate from Least Developed Country (LDC) status by 2026.,['Bangladesh'],STATED_AS,['United Nations'],ambiguous,needs_clarification,manual_review,P4,not_yet_checked,DUP_2a415fe466,0.45,manual claim-type review required,"""Bangladesh"" ""United Nations"" ""STATED_AS"" pre-2023 official","""Bangladesh is scheduled to graduate from Least Developed Country (LDC) status by 2026."" manual review",,unreviewed,,,
BCSGK-0114,The student-led mass uprising in July-August 2024 led to the fall of Sheikh Hasina's government.,['Sheikh Hasina'],STATED_AS,['Bangladesh'],ambiguous,needs_clarification,manual_review,P4,not_yet_checked,,0.45,manual claim-type review required,"""Sheikh Hasina"" ""Bangladesh"" ""STATED_AS"" pre-2023 official","""The student-led mass uprising in July-August 2024 led to the fall of Sheikh Hasina's government."" manual review",,unreviewed,,,
BCSGK-0115,"Bangladesh experienced severe floods in 2024, displacing over 5 million people across multiple districts.",['Bangladesh'],STATED_AS,[],malformed,needs_clarification,manual_review,P4,not_yet_checked,DUP_0f7aa2c2f4,0.45,claim structure is incomplete,"""Bangladesh"" """" ""STATED_AS"" pre-2023 official","""Bangladesh experienced severe floods in 2024, displacing over 5 million people across multiple distr"" manual review",,unreviewed,,,
BCSGK-0116,বাংলাদেশ ২০২৪ সালে জাতিসংঘ মানবাধিকার পরিষদের সদস্য নির্বাচিত হয়।,['Bangladesh'],STATED_AS,['UN Human Rights Council'],ambiguous,needs_clarification,manual_review,P4,not_yet_checked,,0.45,manual claim-type review required,"""Bangladesh"" ""UN Human Rights Council"" ""STATED_AS"" pre-2023 official","""বাংলাদেশ ২০২৪ সালে জাতিসংঘ মানবাধিকার পরিষদের সদস্য নির্বাচিত হয়।"" manual review",,unreviewed,,,
BCSGK-0120,"The Padma Bridge is the longest bridge in Bangladesh, spanning 6.15 kilometers.",['Padma Bridge'],STATED_AS,['Bangladesh'],ambiguous,needs_clarification,manual_review,P4,not_yet_checked,,0.45,manual claim-type review required,"""Padma Bridge"" ""Bangladesh"" ""STATED_AS"" pre-2023 official","""The Padma Bridge is the longest bridge in Bangladesh, spanning 6.15 kilometers."" manual review",,unreviewed,,,
BCSGK-0123,something about the rivers maybe,[],STATED_AS,[],malformed,needs_clarification,manual_review,P4,not_yet_checked,,0.45,claim structure is incomplete,""""" """" ""STATED_AS"" pre-2023 official","""something about the rivers maybe"" manual review",,unreviewed,,,
BCSGK-0286,"পাট, চা, চামড়ার মতো স্থানীয় কাঁচামাল-নির্ভর পণ্য রপ্তানী বহুমুখীকরণে সবচেয়ে বেশি সম্ভাবনাময়। বাংলাদেশের গবেষকরা পাটতন্তু দিয়ে সুতা তৈরির পদ্ধতি উদ্ভাবন করেছেন, যা পোশাক শিল্পের কাঁচামাল হিসেবে ব্যবহৃত হতে পারে।",['শস্য উৎপাদন ও বহুমুখীকরণ'],cultivated_in,['পাট'],static_geographic,static,mediawiki_pre_cutoff_revision_or_official_geography,P1,not_yet_checked,,0.82,geographic claim can use a pre-cutoff snapshot,"""শস্য উৎপাদন ও বহুমুখীকরণ"" ""পাট"" ""cultivated_in"" pre-2023 official","""পাট, চা, চামড়ার মতো স্থানীয় কাঁচামাল-নির্ভর পণ্য রপ্তানী বহুমুখীকরণে সবচেয়ে বেশি সম্ভাবনাময়। বাং"" mediawiki pre cutoff revision or official geography",,unreviewed,,,
BCSGK-0288,"স্বাধীনতার পর থেকে বাংলাদেশের ধানের উৎপাদন তিন গুণেরও বেশি, গম দ্বিগুণ, সবজি পাঁচ গুণ এবং ভুট্টার উৎপাদন বেড়েছে ১০ গুণ।",['শস্য উৎপাদন ও বহুমুখীকরণ'],cultivated_in,['ভুট্টা'],static_geographic,static,mediawiki_pre_cutoff_revision_or_official_geography,P1,not_yet_checked,,0.82,geographic claim can use a pre-cutoff snapshot,"""শস্য উৎপাদন ও বহুমুখীকরণ"" ""ভুট্টা"" ""cultivated_in"" pre-2023 official","""স্বাধীনতার পর থেকে বাংলাদেশের ধানের উৎপাদন তিন গুণেরও বেশি, গম দ্বিগুণ, সবজি পাঁচ গুণ এবং ভুট্টার উৎ"" mediawiki pre cutoff revision or official geography",,unreviewed,,,
BCSGK-0289,"১৯৬০ সালে পূর্ব পাকিস্তানে প্রথম কৃষিশুমারি অনুষ্ঠিত হয়। স্বাধীন বাংলাদেশে এ পর্যন্ত ৫টি কৃষিশুমারি অনুষ্ঠিত হয়েছে: ১৯৭৭, ১৯৮৩-৮৪, ১৯৯৬, ২০০৮ ও ২০১৯ সালে।",['শস্য উৎপাদন ও বহুমুখীকরণ'],cultivated_in,['২০১৫'],static_geographic,static,mediawiki_pre_cutoff_revision_or_official_geography,P1,not_yet_checked,,0.82,geographic claim can use a pre-cutoff snapshot,"""শস্য উৎপাদন ও বহুমুখীকরণ"" ""২০১৫"" ""cultivated_in"" pre-2023 official","""১৯৬০ সালে পূর্ব পাকিস্তানে প্রথম কৃষিশুমারি অনুষ্ঠিত হয়। স্বাধীন বাংলাদেশে এ পর্যন্ত ৫টি কৃষিশুমারি"" mediawiki pre cutoff revision or official geography",,unreviewed,,,
BCSGK-0290,"কৃষি পরিসংখ্যান বর্ষগ্রন্থ, ২০২৪ অনুযায়ী, বাংলাদেশে সবচেয়ে বেশি পাট উৎপন্ন হয় ফরিদপুর জেলায়।",['শস্য উৎপাদন ও বহুমুখীকরণ'],cultivated_in,['ফরিদপুর'],static_geographic,static,mediawiki_pre_cutoff_revision_or_official_geography,P1,not_yet_checked,,0.82,geographic claim can use a pre-cutoff snapshot,"""শস্য উৎপাদন ও বহুমুখীকরণ"" ""ফরিদপুর"" ""cultivated_in"" pre-2023 official","""কৃষি পরিসংখ্যান বর্ষগ্রন্থ, ২০২৪ অনুযায়ী, বাংলাদেশে সবচেয়ে বেশি পাট উৎপন্ন হয় ফরিদপুর জেলায়।"" mediawiki pre cutoff revision or official geography",,unreviewed,,,
BCSGK-0292,বাংলাদেশের অর্থনৈতিক সেক্টরগুলোর মধ্যে কৃষি খাতে সবচেয়ে বেশি কর্মসংস্থান হয়।,['শস্য উৎপাদন ও বহুমুখীকরণ'],cultivated_in,['কৃষি খাত'],static_geographic,static,mediawiki_pre_cutoff_revision_or_official_geography,P1,not_yet_checked,,0.82,geographic claim can use a pre-cutoff snapshot,"""শস্য উৎপাদন ও বহুমুখীকরণ"" ""কৃষি খাত"" ""cultivated_in"" pre-2023 official","""বাংলাদেশের অর্থনৈতিক সেক্টরগুলোর মধ্যে কৃষি খাতে সবচেয়ে বেশি কর্মসংস্থান হয়।"" mediawiki pre cutoff revision or official geography",,unreviewed,,,
BCSGK-0294,বাংলাদেশের উৎপাদিত কৃষিপণ্যের মধ্যে ধানের পরিমাণ সবচেয়ে বেশি এবং উৎপাদিত ধান নিজেদের খাদ্যের চাহিদা মেটানোর জন্য ব্যবহৃত হয়। তাই বাংলাদেশের কৃষি ধান-প্রধান নিবিড় স্বয়ংভোগী।,['শস্য উৎপাদন ও বহুমুখীকরণ'],cultivated_in,['ধান-প্রধান নিবিড় স্বয়ংভোগী'],static_geographic,static,mediawiki_pre_cutoff_revision_or_official_geography,P1,not_yet_checked,,0.82,geographic claim can use a pre-cutoff snapshot,"""শস্য উৎপাদন ও বহুমুখীকরণ"" ""ধান-প্রধান নিবিড় স্বয়ংভোগী"" ""cultivated_in"" pre-2023 official","""বাংলাদেশের উৎপাদিত কৃষিপণ্যের মধ্যে ধানের পরিমাণ সবচেয়ে বেশি এবং উৎপাদিত ধান নিজেদের খাদ্যের চাহিদা"" mediawiki pre cutoff revision or official geography",,unreviewed,,,
BCSGK-0295,"বাংলাদেশের উচ্চফলনশীল (উফশী) জাতের কয়েকটি ধানের নাম: হীরা, ময়না, সোনার বাংলা, ইরি, ইরাটম, বিশাইল, মালাইরি, বাংলামতি ইত্যাদি। উচ্চফলনশীল কয়েকটি গমের নাম: বলাকা, দোয়েল শতাব্দী, আনন্দ ইত্যাদি।",['বিভিন্ন ফসলের উন্নত জাতসমূহ ও কৃষি মৌসুম'],cultivated_in,"['বি-শাইল, বলাকা']",static_geographic,static,mediawiki_pre_cutoff_revision_or_official_geography,P1,not_yet_checked,,0.82,geographic claim can use a pre-cutoff snapshot,"""বিভিন্ন ফসলের উন্নত জাতসমূহ ও কৃষি মৌসুম"" ""বি-শাইল, বলাকা"" ""cultivated_in"" pre-2023 official","""বাংলাদেশের উচ্চফলনশীল (উফশী) জাতের কয়েকটি ধানের নাম: হীরা, ময়না, সোনার বাংলা, ইরি, ইরাটম, বিশাইল, "" mediawiki pre cutoff revision or official geography",,unreviewed,,,
BCSGK-0296,"বাংলামতি, হীরা, ময়না, হরি, সোনার বাংলা, ইরাটম, বিশাইল, চাঁদিনাম, মালা, সুপার রাইস, মুক্তা, প্রগতি, আশা, বিপ্লব, দুলাভোগ, আলোক-৬২১০, নারিকা-১, সোনার বাংলা-১, মালাইরি ইত্যাদি উন্নত জাতের ধানের নাম।",['বিভিন্ন ফসলের উন্নত জাতসমূহ ও কৃষি মৌসুম'],cultivated_in,['এক প্রকার ধান'],static_geographic,static,mediawiki_pre_cutoff_revision_or_official_geography,P1,not_yet_checked,,0.82,geographic claim can use a pre-cutoff snapshot,"""বিভিন্ন ফসলের উন্নত জাতসমূহ ও কৃষি মৌসুম"" ""এক প্রকার ধান"" ""cultivated_in"" pre-2023 official","""বাংলামতি, হীরা, ময়না, হরি, সোনার বাংলা, ইরাটম, বিশাইল, চাঁদিনাম, মালা, সুপার রাইস, মুক্তা, প্রগতি, "" mediawiki pre cutoff revision or official geography",,unreviewed,,,
BCSGK-0297,"বলাকা, দোয়েল, শতাব্দী, অগ্রণী, সোনালিকা, আনন্দ, আকবর, কাঞ্চন, বরকত, জোপাটিকা, ইনিয়া-৬৬, বিজয় ইত্যাদি গমের উন্নত জাত।",['বিভিন্ন ফসলের উন্নত জাতসমূহ ও কৃষি মৌসুম'],cultivated_in,['গম'],static_geographic,static,mediawiki_pre_cutoff_revision_or_official_geography,P1,not_yet_checked,,0.82,geographic claim can use a pre-cutoff snapshot,"""বিভিন্ন ফসলের উন্নত জাতসমূহ ও কৃষি মৌসুম"" ""গম"" ""cultivated_in"" pre-2023 official","""বলাকা, দোয়েল, শতাব্দী, অগ্রণী, সোনালিকা, আনন্দ, আকবর, কাঞ্চন, বরকত, জোপাটিকা, ইনিয়া-৬৬, বিজয় ইত্য"" mediawiki pre cutoff revision or official geography",,unreviewed,,,
BCSGK-0298,"'ম্যানিলা' ও 'সুমাত্রা' তামাক এর উন্নতজাতের নাম। পদ্মা, মধুবালা তরমুজের উন্নত জাত। রূপালী, ডেলফাজ তুলার উন্নত জাত।",['বিভিন্ন ফসলের উন্নত জাতসমূহ ও কৃষি মৌসুম'],cultivated_in,['তামাক'],static_geographic,static,mediawiki_pre_cutoff_revision_or_official_geography,P1,not_yet_checked,,0.82,geographic claim can use a pre-cutoff snapshot,"""বিভিন্ন ফসলের উন্নত জাতসমূহ ও কৃষি মৌসুম"" ""তামাক"" ""cultivated_in"" pre-2023 official","""'ম্যানিলা' ও 'সুমাত্রা' তামাক এর উন্নতজাতের নাম। পদ্মা, মধুবালা তরমুজের উন্নত জাত। রূপালী, ডেলফাজ তু"" mediawiki pre cutoff revision or official geography",,unreviewed,,,
BCSGK-0299,"কৃষি মৌসুম: রবি (কার্তিক-ফাল্গুন), খরিপ-১ (চৈত্র-জ্যৈষ্ঠ), খরিপ-২ (আষাঢ়-ভাদ্র), বারেমাসি (সারা বছর)।",['বিভিন্ন ফসলের উন্নত জাতসমূহ ও কৃষি মৌসুম'],cultivated_in,['কার্তিক-ফাল্গুন'],static_geographic,static,mediawiki_pre_cutoff_revision_or_official_geography,P1,not_yet_checked,,0.82,geographic claim can use a pre-cutoff snapshot,"""বিভিন্ন ফসলের উন্নত জাতসমূহ ও কৃষি মৌসুম"" ""কার্তিক-ফাল্গুন"" ""cultivated_in"" pre-2023 official","""কৃষি মৌসুম: রবি (কার্তিক-ফাল্গুন), খরিপ-১ (চৈত্র-জ্যৈষ্ঠ), খরিপ-২ (আষাঢ়-ভাদ্র), বারেমাসি (সারা বছর)"" mediawiki pre cutoff revision or official geography",,unreviewed,,,
BCSGK-0300,"ডায়মন্ড, কার্ডিনেল, কুফরি, সিন্দুরী, মিউজিকা, নেপিতাল, অ্যালুয়েট, ক্যারোলাস (ছরাক সহিষ্ণু), গ্রানুলা ইত্যাদি আলুর উন্নত জাতের নাম।",['বিভিন্ন ফসলের উন্নত জাতসমূহ ও কৃষি মৌসুম'],cultivated_in,['ডায়মন্ড'],static_geographic,static,mediawiki_pre_cutoff_revision_or_official_geography,P1,not_yet_checked,,0.82,geographic claim can use a pre-cutoff snapshot,"""বিভিন্ন ফসলের উন্নত জাতসমূহ ও কৃষি মৌসুম"" ""ডায়মন্ড"" ""cultivated_in"" pre-2023 official","""ডায়মন্ড, কার্ডিনেল, কুফরি, সিন্দুরী, মিউজিকা, নেপিতাল, অ্যালুয়েট, ক্যারোলাস (ছরাক সহিষ্ণু), গ্রানু"" mediawiki pre cutoff revision or official geography",,unreviewed,,,
BCSGK-0301,"অগ্নিশ্বর, কানাইবাসি, মোহনবাসি, বীটজবা, অমৃত সাগর, সিসাপুরী, কবরী, সবরি, চাঁপা ইত্যাদি উন্নত জাতের কলার নাম।",['বিভিন্ন ফসলের উন্নত জাতসমূহ ও কৃষি মৌসুম'],cultivated_in,['কলা'],static_geographic,static,mediawiki_pre_cutoff_revision_or_official_geography,P1,not_yet_checked,DUP_609a7510fe,0.82,geographic claim can use a pre-cutoff snapshot,"""বিভিন্ন ফসলের উন্নত জাতসমূহ ও কৃষি মৌসুম"" ""কলা"" ""cultivated_in"" pre-2023 official","""অগ্নিশ্বর, কানাইবাসি, মোহনবাসি, বীটজবা, অমৃত সাগর, সিসাপুরী, কবরী, সবরি, চাঁপা ইত্যাদি উন্নত জাতের ক"" mediawiki pre cutoff revision or official geography",,unreviewed,,,
BCSGK-0302,"বর্ণালী, শুভ্র, উত্তরণ, মোহর, সুইটকর্ন ইত্যাদি উন্নত জাতের ভুট্টার নাম।",['বিভিন্ন ফসলের উন্নত জাতসমূহ ও কৃষি মৌসুম'],cultivated_in,['উন্নত জাতের ভুট্টা'],static_geographic,static,mediawiki_pre_cutoff_revision_or_official_geography,P1,not_yet_checked,,0.82,geographic claim can use a pre-cutoff snapshot,"""বিভিন্ন ফসলের উন্নত জাতসমূহ ও কৃষি মৌসুম"" ""উন্নত জাতের ভুট্টা"" ""cultivated_in"" pre-2023 official","""বর্ণালী, শুভ্র, উত্তরণ, মোহর, সুইটকর্ন ইত্যাদি উন্নত জাতের ভুট্টার নাম।"" mediawiki pre cutoff revision or official geography",,unreviewed,,,
BCSGK-0303,'সোনালিকা' ও 'আকবর' বাংলাদেশের কৃষি ক্ষেত্রে উন্নত জাতের গমের নাম।,['বিভিন্ন ফসলের উন্নত জাতসমূহ ও কৃষি মৌসুম'],cultivated_in,['উন্নত জাতের গমের নাম'],static_geographic,static,mediawiki_pre_cutoff_revision_or_official_geography,P1,not_yet_checked,DUP_92da0978cb,0.82,geographic claim can use a pre-cutoff snapshot,"""বিভিন্ন ফসলের উন্নত জাতসমূহ ও কৃষি মৌসুম"" ""উন্নত জাতের গমের নাম"" ""cultivated_in"" pre-2023 official","""'সোনালিকা' ও 'আকবর' বাংলাদেশের কৃষি ক্ষেত্রে উন্নত জাতের গমের নাম।"" mediawiki pre cutoff revision or official geography",,unreviewed,,,
BCSGK-0304,বাংলাদেশের কৃষিতে 'দোয়েল' উন্নত জাতের গমের নাম।,['বিভিন্ন ফসলের উন্নত জাতসমূহ ও কৃষি মৌসুম'],cultivated_in,['উন্নত জাতের গমের নাম'],static_geographic,static,mediawiki_pre_cutoff_revision_or_official_geography,P1,not_yet_checked,DUP_92da0978cb,0.82,geographic claim can use a pre-cutoff snapshot,"""বিভিন্ন ফসলের উন্নত জাতসমূহ ও কৃষি মৌসুম"" ""উন্নত জাতের গমের নাম"" ""cultivated_in"" pre-2023 official","""বাংলাদেশের কৃষিতে 'দোয়েল' উন্নত জাতের গমের নাম।"" mediawiki pre cutoff revision or official geography",,unreviewed,,,
BCSGK-0305,'ইরাটম' উন্নত জাতের ধান।,['বিভিন্ন ফসলের উন্নত জাতসমূহ ও কৃষি মৌসুম'],cultivated_in,['উন্নত জাতের ধান'],static_geographic,static,mediawiki_pre_cutoff_revision_or_official_geography,P1,not_yet_checked,,0.82,geographic claim can use a pre-cutoff snapshot,"""বিভিন্ন ফসলের উন্নত জাতসমূহ ও কৃষি মৌসুম"" ""উন্নত জাতের ধান"" ""cultivated_in"" pre-2023 official","""'ইরাটম' উন্নত জাতের ধান।"" mediawiki pre cutoff revision or official geography",,unreviewed,,,
BCSGK-0306,বাংলাদেশ কৃষিক্ষেত্রে 'বলাকা' ও 'দোয়েল' উন্নতজাতের গম শস্যের নাম।,['বিভিন্ন ফসলের উন্নত জাতসমূহ ও কৃষি মৌসুম'],cultivated_in,['উন্নতজাতের গম শস্য'],static_geographic,static,mediawiki_pre_cutoff_revision_or_official_geography,P1,not_yet_checked,,0.82,geographic claim can use a pre-cutoff snapshot,"""বিভিন্ন ফসলের উন্নত জাতসমূহ ও কৃষি মৌসুম"" ""উন্নতজাতের গম শস্য"" ""cultivated_in"" pre-2023 official","""বাংলাদেশ কৃষিক্ষেত্রে 'বলাকা' ও 'দোয়েল' উন্নতজাতের গম শস্যের নাম।"" mediawiki pre cutoff revision or official geography",,unreviewed,,,
BCSGK-0308,"'অগিশর', 'কানাইবাঁশি', 'মোহনবাঁশি' ও 'বীটজবা' কলা জাতীয় ফলের নাম।",['বিভিন্ন ফসলের উন্নত জাতসমূহ ও কৃষি মৌসুম'],cultivated_in,['কলা'],static_geographic,static,mediawiki_pre_cutoff_revision_or_official_geography,P1,not_yet_checked,DUP_609a7510fe,0.82,geographic claim can use a pre-cutoff snapshot,"""বিভিন্ন ফসলের উন্নত জাতসমূহ ও কৃষি মৌসুম"" ""কলা"" ""cultivated_in"" pre-2023 official","""'অগিশর', 'কানাইবাঁশি', 'মোহনবাঁশি' ও 'বীটজবা' কলা জাতীয় ফলের নাম।"" mediawiki pre cutoff revision or official geography",,unreviewed,,,
BCSGK-0309,"বাংলাদেশ চা বোর্ড কর্তৃক নিবন্ধিত চা বাগানের সংখ্যা ১৭৩টি। এদের মধ্যে সর্বাধিক ৯০টি চা বাগান রয়েছে মৌলভীবাজার জেলায়। দ্বিতীয় সর্বাধিক ২৫টি চা বাগান রয়েছে হবিগঞ্জ জেলায়, চট্টগ্রাম জেলায় ২২টি এবং পঞ্চগড় জেলায় ১১টি চা বাগান রয়েছে।",['বিবিধ কৃষিজ ফসল'],cultivated_in,['মৌলভীবাজার'],static_geographic,static,mediawiki_pre_cutoff_revision_or_official_geography,P1,not_yet_checked,,0.82,geographic claim can use a pre-cutoff snapshot,"""বিবিধ কৃষিজ ফসল"" ""মৌলভীবাজার"" ""cultivated_in"" pre-2023 official","""বাংলাদেশ চা বোর্ড কর্তৃক নিবন্ধিত চা বাগানের সংখ্যা ১৭৩টি। এদের মধ্যে সর্বাধিক ৯০টি চা বাগান রয়েছে "" mediawiki pre cutoff revision or official geography",,unreviewed,,,
BCSGK-0310,"চা গাছ সরাসরি রোদ সহ্য করতে পারে না। এটি ছায়াযুক্ত বা আংশিক ছায়াযুক্ত পরিবেশে ভালো জন্মায়। তাই একে ছায়াপ্রেমী ফসল বলে। ধান, আখ এবং তামাক উষ্ণ ও আর্দ্র জলবায়ুর ফসল।",['বিবিধ কৃষিজ ফসল'],cultivated_in,['চা'],static_geographic,static,mediawiki_pre_cutoff_revision_or_official_geography,P1,not_yet_checked,,0.82,geographic claim can use a pre-cutoff snapshot,"""বিবিধ কৃষিজ ফসল"" ""চা"" ""cultivated_in"" pre-2023 official","""চা গাছ সরাসরি রোদ সহ্য করতে পারে না। এটি ছায়াযুক্ত বা আংশিক ছায়াযুক্ত পরিবেশে ভালো জন্মায়। তাই এক"" mediawiki pre cutoff revision or official geography",,unreviewed,,,
BCSGK-0312,জুম চাষ খাগড়াছড়িতে হয়।,['বিবিধ কৃষিজ ফসল'],cultivated_in,['খাগড়াছড়িতে'],static_geographic,static,mediawiki_pre_cutoff_revision_or_official_geography,P1,not_yet_checked,,0.82,geographic claim can use a pre-cutoff snapshot,"""বিবিধ কৃষিজ ফসল"" ""খাগড়াছড়িতে"" ""cultivated_in"" pre-2023 official","""জুম চাষ খাগড়াছড়িতে হয়।"" mediawiki pre cutoff revision or official geography",,unreviewed,,,
BCSGK-0313,বাংলাদেশে সবচেয়ে বেশি উৎপাদিত হয় বোরো ধান।,['বিবিধ কৃষিজ ফসল'],cultivated_in,['বোরো ধান'],static_geographic,static,mediawiki_pre_cutoff_revision_or_official_geography,P1,not_yet_checked,,0.82,geographic claim can use a pre-cutoff snapshot,"""বিবিধ কৃষিজ ফসল"" ""বোরো ধান"" ""cultivated_in"" pre-2023 official","""বাংলাদেশে সবচেয়ে বেশি উৎপাদিত হয় বোরো ধান।"" mediawiki pre cutoff revision or official geography",,unreviewed,,,
BCSGK-0314,রোপা আমন ধানের রোপণ উপযোগী সময় শ্রাবণ-ভাদ্র এবং কাটার উপযোগী সময় অগ্রহায়ণ-পৌষ মাসে।,['বিবিধ কৃষিজ ফসল'],cultivated_in,['অগ্রহায়ণ-পৌষ মাসে'],static_geographic,static,mediawiki_pre_cutoff_revision_or_official_geography,P1,not_yet_checked,,0.82,geographic claim can use a pre-cutoff snapshot,"""বিবিধ কৃষিজ ফসল"" ""অগ্রহায়ণ-পৌষ মাসে"" ""cultivated_in"" pre-2023 official","""রোপা আমন ধানের রোপণ উপযোগী সময় শ্রাবণ-ভাদ্র এবং কাটার উপযোগী সময় অগ্রহায়ণ-পৌষ মাসে।"" mediawiki pre cutoff revision or official geography",,unreviewed,,,
BCSGK-0315,'জুম' চাষ পদ্ধতি চট্টগ্রাম ও পার্বত্য চট্টগ্রামের জেলাসমূহে দেখা যায়।,['বিবিধ কৃষিজ ফসল'],cultivated_in,['চট্টগ্রাম ও পার্বত্য চট্টগ্রামের জেলাসমূহ'],static_geographic,static,mediawiki_pre_cutoff_revision_or_official_geography,P1,not_yet_checked,,0.82,geographic claim can use a pre-cutoff snapshot,"""বিবিধ কৃষিজ ফসল"" ""চট্টগ্রাম ও পার্বত্য চট্টগ্রামের জেলাসমূহ"" ""cultivated_in"" pre-2023 official","""'জুম' চাষ পদ্ধতি চট্টগ্রাম ও পার্বত্য চট্টগ্রামের জেলাসমূহে দেখা যায়।"" mediawiki pre cutoff revision or official geography",,unreviewed,,,
BCSGK-0331,দেশের মৎস্য সম্পদ সংরক্ষণের নিমিত্তে বাংলাদেশের মৎস্য আইনে ২৩ সেন্টিমিটারের (প্রায় ৯ ইঞ্চি) কম দৈর্ঘ্যের রুই জাতীয় মাছের পোনা মারা এবং ২৫ সেন্টিমিটারের (প্রায় ১০ ইঞ্চি) কম দৈর্ঘ্যের ইলিশ (জাটকা) ধরা নিষেধ।,['মৎস্য সম্পদ'],STATED_AS,['২৩ সেন্টিমিটার'],ambiguous,needs_clarification,manual_review,P4,not_yet_checked,,0.45,manual claim-type review required,"""মৎস্য সম্পদ"" ""২৩ সেন্টিমিটার"" ""STATED_AS"" pre-2023 official","""দেশের মৎস্য সম্পদ সংরক্ষণের নিমিত্তে বাংলাদেশের মৎস্য আইনে ২৩ সেন্টিমিটারের (প্রায় ৯ ইঞ্চি) কম দৈর্"" manual review",,unreviewed,,,
BCSGK-0333,বাংলাদেশে গো-চারণের জন্য বাথান রয়েছে দুটি জেলায়। যথা-পাবনা ও সিরাজগঞ্জ।,['প্রাণিজ সম্পদ'],located_in,['সিরাজগঞ্জ'],static_geographic,static,mediawiki_pre_cutoff_revision_or_official_geography,P1,not_yet_checked,,0.82,geographic claim can use a pre-cutoff snapshot,"""প্রাণিজ সম্পদ"" ""সিরাজগঞ্জ"" ""located_in"" pre-2023 official","""বাংলাদেশে গো-চারণের জন্য বাথান রয়েছে দুটি জেলায়। যথা-পাবনা ও সিরাজগঞ্জ।"" mediawiki pre cutoff revision or official geography",,unreviewed,,,
BCSGK-0336,"বাংলাদেশের কেন্দ্রীয় গো-প্রজনন খামার সাভার, ঢাকায় অবস্থিত। এছাড়া কেন্দ্রীয় মুরগি প্রজনন খামার মিরপুর, ঢাকায়; হাঁস প্রজনন খামার নারায়ণগঞ্জে; মহিষ প্রজনন ও উন্নয়ন খামার বাগেরহাটে এবং বেসরকারি কুমির প্রজনন কেন্দ্র ভালুকা, ময়মনসিংহে অবস্থিত।",['প্রাণিজ সম্পদ'],located_in,['সাভার'],static_geographic,static,mediawiki_pre_cutoff_revision_or_official_geography,P1,not_yet_checked,,0.82,geographic claim can use a pre-cutoff snapshot,"""প্রাণিজ সম্পদ"" ""সাভার"" ""located_in"" pre-2023 official","""বাংলাদেশের কেন্দ্রীয় গো-প্রজনন খামার সাভার, ঢাকায় অবস্থিত। এছাড়া কেন্দ্রীয় মুরগি প্রজনন খামার মি"" mediawiki pre cutoff revision or official geography",,unreviewed,,,
BCSGK-0353,"সাঁওতাল জনগোষ্ঠী যে ভাষায় কথা বলে, সেটি হলো সাঁওতালি ভাষা। এই ভাষাটি বৃহত্তর অস্ট্রো-এশীয় বা অস্ট্রিক ভাষা পরিবারের অন্তর্ভুক্ত। ক. ভাষা পরিবার: অস্ট্রো-এশীয়। খ. শাখা: মুণ্ডা শাখা।","['জাতি, গোষ্ঠী ও উপজাতি সংক্রান্ত বিষয়াদি']",STATED_AS,['অস্ট্রিক-অস্ট্রো এসিয়াটিক (মুও)'],ambiguous,needs_clarification,manual_review,P4,not_yet_checked,,0.45,manual claim-type review required,"""জাতি, গোষ্ঠী ও উপজাতি সংক্রান্ত বিষয়াদি"" ""অস্ট্রিক-অস্ট্রো এসিয়াটিক (মুও)"" ""STATED_AS"" pre-2023 official","""সাঁওতাল জনগোষ্ঠী যে ভাষায় কথা বলে, সেটি হলো সাঁওতালি ভাষা। এই ভাষাটি বৃহত্তর অস্ট্রো-এশীয় বা অস্ট্"" manual review",,unreviewed,,,
BCSGK-0354,সাংগ্রাই হলো বাংলাদেশি মারমা ও রাখাইন নু-গোষ্ঠীর নববর্ষ উৎসবের নাম। এরা পুরোনো বছরের শেষ দুই দিন ও নতুন বছরের প্রথম দিন সহ মোট তিন দিন এ উৎসব পালন করে থাকে।,"['জাতি, গোষ্ঠী ও উপজাতি সংক্রান্ত বিষয়াদি']",STATED_AS,['সাংগ্রাই'],ambiguous,needs_clarification,manual_review,P4,not_yet_checked,,0.45,manual claim-type review required,"""জাতি, গোষ্ঠী ও উপজাতি সংক্রান্ত বিষয়াদি"" ""সাংগ্রাই"" ""STATED_AS"" pre-2023 official","""সাংগ্রাই হলো বাংলাদেশি মারমা ও রাখাইন নু-গোষ্ঠীর নববর্ষ উৎসবের নাম। এরা পুরোনো বছরের শেষ দুই দিন ও ন"" manual review",,unreviewed,,,
BCSGK-0357,ষষ্ঠ জনশুমারি ও গৃহ গণনা-২০২২ এর চূড়ান্ত রিপোর্ট অনুযায়ী বাংলাদেশের ক্ষুদ্র নৃ গোষ্ঠীর সংখ্যা মোট-৫০টি।,"['জাতি, গোষ্ঠী ও উপজাতি সংক্রান্ত বিষয়াদি']",STATED_AS,['৫০'],ambiguous,needs_clarification,manual_review,P4,not_yet_checked,,0.45,manual claim-type review required,"""জাতি, গোষ্ঠী ও উপজাতি সংক্রান্ত বিষয়াদি"" ""৫০"" ""STATED_AS"" pre-2023 official","""ষষ্ঠ জনশুমারি ও গৃহ গণনা-২০২২ এর চূড়ান্ত রিপোর্ট অনুযায়ী বাংলাদেশের ক্ষুদ্র নৃ গোষ্ঠীর সংখ্যা মোট-"" manual review",,unreviewed,,,
BCSGK-0358,"ভরাও জনগোষ্ঠী দিনাজপুর, রংপুর, রাজশাহী ও বগুড়া অঞ্চলে বাস করে। এরা জেড়োপাসক এবং ভাষা হচ্ছে কুড়ুখ/সাদ্রি। এদের উৎসব কর্ম যা কর্ম শাখাকে ঘিরে অনুষ্ঠিত হয়।","['জাতি, গোষ্ঠী ও উপজাতি সংক্রান্ত বিষয়াদি']",located_in,['রাজশাহী-দিনাজপুর'],static_geographic,static,mediawiki_pre_cutoff_revision_or_official_geography,P1,not_yet_checked,,0.82,geographic claim can use a pre-cutoff snapshot,"""জাতি, গোষ্ঠী ও উপজাতি সংক্রান্ত বিষয়াদি"" ""রাজশাহী-দিনাজপুর"" ""located_in"" pre-2023 official","""ভরাও জনগোষ্ঠী দিনাজপুর, রংপুর, রাজশাহী ও বগুড়া অঞ্চলে বাস করে। এরা জেড়োপাসক এবং ভাষা হচ্ছে কুড়ুখ/"" mediawiki pre cutoff revision or official geography",,unreviewed,,,
BCSGK-0359,"গারো উপজাতিদের আবাসস্থল মূলত ময়মনসিংহ, শেরপুর, নেত্রকোণা, টাঙ্গাইল, জামালপুর, সুনামগঞ্জ ও সিলেট। বিরিশিরি নেত্রকোণা জেলার দুর্গাপুর উপজেলার ঐতিহ্যবাহী একটি গ্রাম।","['জাতি, গোষ্ঠী ও উপজাতি সংক্রান্ত বিষয়াদি']",located_in,['গারো'],static_geographic,static,mediawiki_pre_cutoff_revision_or_official_geography,P1,not_yet_checked,,0.82,geographic claim can use a pre-cutoff snapshot,"""জাতি, গোষ্ঠী ও উপজাতি সংক্রান্ত বিষয়াদি"" ""গারো"" ""located_in"" pre-2023 official","""গারো উপজাতিদের আবাসস্থল মূলত ময়মনসিংহ, শেরপুর, নেত্রকোণা, টাঙ্গাইল, জামালপুর, সুনামগঞ্জ ও সিলেট। বি"" mediawiki pre cutoff revision or official geography",,unreviewed,,,
BCSGK-0360,গারো উপজাতিদের আবাসস্থল মূলত ময়মনসিংহ জেলায়।,"['জাতি, গোষ্ঠী ও উপজাতি সংক্রান্ত বিষয়াদি']",located_in,['ময়মনসিংহ'],static_geographic,static,mediawiki_pre_cutoff_revision_or_official_geography,P1,not_yet_checked,,0.82,geographic claim can use a pre-cutoff snapshot,"""জাতি, গোষ্ঠী ও উপজাতি সংক্রান্ত বিষয়াদি"" ""ময়মনসিংহ"" ""located_in"" pre-2023 official","""গারো উপজাতিদের আবাসস্থল মূলত ময়মনসিংহ জেলায়।"" mediawiki pre cutoff revision or official geography",,unreviewed,,,
BCSGK-0361,"চাকমা বাংলাদেশের বৃহত্তম ক্ষুদ্র নৃ-গোষ্ঠী জনগোষ্ঠী। পার্বত্য জেলা রাঙামাটি, খাগড়াছড়ি, বান্দরবানে এদের বসবাস। বৌদ্ধ ধর্মাবলম্বী চাকমাদের প্রধান উৎসব বিজু (বর্ষবরণ)।","['জাতি, গোষ্ঠী ও উপজাতি সংক্রান্ত বিষয়াদি']",located_in,['রাঙামাটি জেলায়'],static_geographic,static,mediawiki_pre_cutoff_revision_or_official_geography,P1,not_yet_checked,,0.82,geographic claim can use a pre-cutoff snapshot,"""জাতি, গোষ্ঠী ও উপজাতি সংক্রান্ত বিষয়াদি"" ""রাঙামাটি জেলায়"" ""located_in"" pre-2023 official","""চাকমা বাংলাদেশের বৃহত্তম ক্ষুদ্র নৃ-গোষ্ঠী জনগোষ্ঠী। পার্বত্য জেলা রাঙামাটি, খাগড়াছড়ি, বান্দরবানে "" mediawiki pre cutoff revision or official geography",,unreviewed,,,
BCSGK-0363,"হাজং উপজাতির বসবাস শেরপুর, ময়মনসিংহ, সুনামগঞ্জ ও নেত্রকোণায়। সিলেট জেলায় বসবাসকারী উপজাতি হলো খাসি (খাসিয়া), গারো, পাত্র, মুও, মণিপুরী ও তুমিজ।","['জাতি, গোষ্ঠী ও উপজাতি সংক্রান্ত বিষয়াদি']",located_in,['সিলেট'],static_geographic,static,mediawiki_pre_cutoff_revision_or_official_geography,P1,not_yet_checked,DUP_1c278ad880,0.82,geographic claim can use a pre-cutoff snapshot,"""জাতি, গোষ্ঠী ও উপজাতি সংক্রান্ত বিষয়াদি"" ""সিলেট"" ""located_in"" pre-2023 official","""হাজং উপজাতির বসবাস শেরপুর, ময়মনসিংহ, সুনামগঞ্জ ও নেত্রকোণায়। সিলেট জেলায় বসবাসকারী উপজাতি হলো খাস"" mediawiki pre cutoff revision or official geography",,unreviewed,,,
BCSGK-0364,পাঙন উপজাতির ধর্ম ইসলাম।,"['জাতি, গোষ্ঠী ও উপজাতি সংক্রান্ত বিষয়াদি']",STATED_AS,['পাঙন'],ambiguous,needs_clarification,manual_review,P4,not_yet_checked,,0.45,manual claim-type review required,"""জাতি, গোষ্ঠী ও উপজাতি সংক্রান্ত বিষয়াদি"" ""পাঙন"" ""STATED_AS"" pre-2023 official","""পাঙন উপজাতির ধর্ম ইসলাম।"" manual review",,unreviewed,,,
BCSGK-0365,খাসিয়া নু-গোষ্ঠীদের গ্রামকে বলা হয় পুঞ্জি। ভূমি জরিপের ভৌগোলিক ইউনিট এবং রাজস্ব আদায়ের জন্য এক ইউনিট জমির অভিব্যক্তি হলো মৌজা। অন্যদিকে গ্রামের ক্ষুদ্র অংশকে পাড়া বলা হয়।,"['জাতি, গোষ্ঠী ও উপজাতি সংক্রান্ত বিষয়াদি']",STATED_AS,['পুঞ্জি'],ambiguous,needs_clarification,manual_review,P4,not_yet_checked,,0.45,manual claim-type review required,"""জাতি, গোষ্ঠী ও উপজাতি সংক্রান্ত বিষয়াদি"" ""পুঞ্জি"" ""STATED_AS"" pre-2023 official","""খাসিয়া নু-গোষ্ঠীদের গ্রামকে বলা হয় পুঞ্জি। ভূমি জরিপের ভৌগোলিক ইউনিট এবং রাজস্ব আদায়ের জন্য এক ইউ"" manual review",,unreviewed,,,
BCSGK-0367,হাজংদের অধিবাস ময়মনসিংহ ও নেত্রকোণায়।,"['জাতি, গোষ্ঠী ও উপজাতি সংক্রান্ত বিষয়াদি']",located_in,['ময়মনসিংহ ও নেত্রকোণা'],static_geographic,static,mediawiki_pre_cutoff_revision_or_official_geography,P1,not_yet_checked,,0.82,geographic claim can use a pre-cutoff snapshot,"""জাতি, গোষ্ঠী ও উপজাতি সংক্রান্ত বিষয়াদি"" ""ময়মনসিংহ ও নেত্রকোণা"" ""located_in"" pre-2023 official","""হাজংদের অধিবাস ময়মনসিংহ ও নেত্রকোণায়।"" mediawiki pre cutoff revision or official geography",,unreviewed,,,
BCSGK-0368,বাংলাদেশে বসবাসরত ৫০টি উপজাতির মধ্যে গারো ও খাসিয়া ব্যতীত সকল উপজাতির পারিবারিক কাঠামো পিতৃতান্ত্রিক।,"['জাতি, গোষ্ঠী ও উপজাতি সংক্রান্ত বিষয়াদি']",STATED_AS,['মারমা'],ambiguous,needs_clarification,manual_review,P4,not_yet_checked,,0.45,manual claim-type review required,"""জাতি, গোষ্ঠী ও উপজাতি সংক্রান্ত বিষয়াদি"" ""মারমা"" ""STATED_AS"" pre-2023 official","""বাংলাদেশে বসবাসরত ৫০টি উপজাতির মধ্যে গারো ও খাসিয়া ব্যতীত সকল উপজাতির পারিবারিক কাঠামো পিতৃতান্ত্রি"" manual review",,unreviewed,,,
BCSGK-0369,বাংলাদেশের বিখ্যাত মণিপুরী নাচ সিলেট অঞ্চলের।,"['জাতি, গোষ্ঠী ও উপজাতি সংক্রান্ত বিষয়াদি']",located_in,['সিলেট'],static_geographic,static,mediawiki_pre_cutoff_revision_or_official_geography,P1,not_yet_checked,DUP_1c278ad880,0.82,geographic claim can use a pre-cutoff snapshot,"""জাতি, গোষ্ঠী ও উপজাতি সংক্রান্ত বিষয়াদি"" ""সিলেট"" ""located_in"" pre-2023 official","""বাংলাদেশের বিখ্যাত মণিপুরী নাচ সিলেট অঞ্চলের।"" mediawiki pre cutoff revision or official geography",,unreviewed,,,
BCSGK-0370,"পার্বত্য চট্টগ্রাম শান্তিচুক্তি ২ ডিসেম্বর, ১৯৯৭ সালে স্বাক্ষরিত হয়।","['জাতি, গোষ্ঠী ও উপজাতি সংক্রান্ত বিষয়াদি']",occurred_on,"['২ ডিসেম্বর, ১৯৯৭']",ambiguous,needs_clarification,manual_review,P4,not_yet_checked,,0.45,manual claim-type review required,"""জাতি, গোষ্ঠী ও উপজাতি সংক্রান্ত বিষয়াদি"" ""২ ডিসেম্বর, ১৯৯৭"" ""occurred_on"" pre-2023 official","""পার্বত্য চট্টগ্রাম শান্তিচুক্তি ২ ডিসেম্বর, ১৯৯৭ সালে স্বাক্ষরিত হয়।"" manual review",,unreviewed,,,
BCSGK-0371,মাওরি নিউজিল্যান্ডের আদিবাসী। বাংলাদেশে মাওরি উপজাতি বাস করে না।,"['জাতি, গোষ্ঠী ও উপজাতি সংক্রান্ত বিষয়াদি']",STATED_AS,['মাওরি'],ambiguous,needs_clarification,manual_review,P4,not_yet_checked,,0.45,manual claim-type review required,"""জাতি, গোষ্ঠী ও উপজাতি সংক্রান্ত বিষয়াদি"" ""মাওরি"" ""STATED_AS"" pre-2023 official","""মাওরি নিউজিল্যান্ডের আদিবাসী। বাংলাদেশে মাওরি উপজাতি বাস করে না।"" manual review",,unreviewed,,,
BCSGK-0372,"চাকমা শরণার্থীদের দ্বিতীয় দফায় ১ম অর্থাৎ ২১ জুলাই, ১৯৯৪ তারিখে ৩৭৫ জন বাংলাদেশে প্রত্যাবর্তন করেন।","['জাতি, গোষ্ঠী ও উপজাতি সংক্রান্ত বিষয়াদি']",STATED_AS,['৩৭৫ জন'],ambiguous,needs_clarification,manual_review,P4,not_yet_checked,,0.45,manual claim-type review required,"""জাতি, গোষ্ঠী ও উপজাতি সংক্রান্ত বিষয়াদি"" ""৩৭৫ জন"" ""STATED_AS"" pre-2023 official","""চাকমা শরণার্থীদের দ্বিতীয় দফায় ১ম অর্থাৎ ২১ জুলাই, ১৯৯৪ তারিখে ৩৭৫ জন বাংলাদেশে প্রত্যাবর্তন করেন।"" manual review",,unreviewed,,,
BCSGK-0374,"ঢাকা বিশ্ববিদ্যালয় বিল ১৮ মার্চ, ১৯২০ সালে আইনে পরিণত হয় এবং উক্ত আইনের অধীনে ১৯২১ সালের ১লা জুলাই কার্যক্রম শুরু হয়।",['শিক্ষা ব্যবস্থা'],occurred_on,['১৮ মার্চ ১৯২০'],ambiguous,needs_clarification,manual_review,P4,not_yet_checked,,0.45,manual claim-type review required,"""শিক্ষা ব্যবস্থা"" ""১৮ মার্চ ১৯২০"" ""occurred_on"" pre-2023 official","""ঢাকা বিশ্ববিদ্যালয় বিল ১৮ মার্চ, ১৯২০ সালে আইনে পরিণত হয় এবং উক্ত আইনের অধীনে ১৯২১ সালের ১লা জুলাই"" manual review",,unreviewed,,,
BCSGK-0383,রাজশাহী বিশ্ববিদ্যালয় ১৯৫৩ সালে স্থাপিত হয়।,['শিক্ষা ব্যবস্থা'],occurred_on,['১৯৫৩ সালে'],ambiguous,needs_clarification,manual_review,P4,not_yet_checked,,0.45,manual claim-type review required,"""শিক্ষা ব্যবস্থা"" ""১৯৫৩ সালে"" ""occurred_on"" pre-2023 official","""রাজশাহী বিশ্ববিদ্যালয় ১৯৫৩ সালে স্থাপিত হয়।"" manual review",,unreviewed,,,
BCSGK-0384,"অর্থনৈতিক সমীক্ষা-২০২৫ অনুযায়ী, দেশে কমিউনিটি ক্লিনিকের সংখ্যা ১৪২৯৭টি।",['স্বাস্থ্য ব্যবস্থা'],STATED_AS,['১৪ হাজার ২৯৭ টি'],ambiguous,needs_clarification,manual_review,P4,not_yet_checked,,0.45,manual claim-type review required,"""স্বাস্থ্য ব্যবস্থা"" ""১৪ হাজার ২৯৭ টি"" ""STATED_AS"" pre-2023 official","""অর্থনৈতিক সমীক্ষা-২০২৫ অনুযায়ী, দেশে কমিউনিটি ক্লিনিকের সংখ্যা ১৪২৯৭টি।"" manual review",,unreviewed,,,
BCSGK-0385,"৩০ মে, ২০০১ ধানমন্ত্রির সেন্ট্রাল হসপিটালে ড. পারভীন ফাতেমার সার্বিক তত্ত্বাবধানে ফিরোজা বেগম- হীরা, মণি ও মুক্তা নামে ৩টি টেস্ট টিউব শিশুর মা হন।",['স্বাস্থ্য ব্যবস্থা'],STATED_AS,['ফিরোজা বেগম'],ambiguous,needs_clarification,manual_review,P4,not_yet_checked,,0.45,manual claim-type review required,"""স্বাস্থ্য ব্যবস্থা"" ""ফিরোজা বেগম"" ""STATED_AS"" pre-2023 official","""৩০ মে, ২০০১ ধানমন্ত্রির সেন্ট্রাল হসপিটালে ড. পারভীন ফাতেমার সার্বিক তত্ত্বাবধানে ফিরোজা বেগম- হীরা,"" manual review",,unreviewed,,,
BCSGK-0403,বাংলাদেশের অর্থনৈতিক উন্নয়ন প্রকল্প ও নীতি অনুমোদনের ক্ষেত্রে কাঠামোগত স্তরবিন্যাস অনুযায়ী ECNEC-ই হলো চূড়ান্ত ও সর্বোচ্চ নির্বাহী কর্তৃপক্ষ। ECNEC (Executive Committee of the National Economic Council) উন্নয়ন প্রকল্পগুলোর চূড়ান্ত অনুমোদন এখান থেকেই আসে।,"['উন্নয়ন পরিকল্পনা, প্রেক্ষিত ও পঞ্চবার্ষিকী']",STATED_AS,['জাতীয় অর্থনৈতিক পরিষদের নির্বাহী কমিটি'],ambiguous,needs_clarification,manual_review,P4,not_yet_checked,,0.45,manual claim-type review required,"""উন্নয়ন পরিকল্পনা, প্রেক্ষিত ও পঞ্চবার্ষিকী"" ""জাতীয় অর্থনৈতিক পরিষদের নির্বাহী কমিটি"" ""STATED_AS"" pre-2023 official","""বাংলাদেশের অর্থনৈতিক উন্নয়ন প্রকল্প ও নীতি অনুমোদনের ক্ষেত্রে কাঠামোগত স্তরবিন্যাস অনুযায়ী ECNEC-ই"" manual review",,unreviewed,,,
BCSGK-0404,"বদ্বীপ পরিকল্পনা ২১০০-এ ৬টি ভৌগোলিক হটস্পট নির্ধারণ করা হয়েছে। হটস্পটগুলো হলো: (i) নদী ও মোহনা অঞ্চল, (ii) উপকূলীয় অঞ্চল, (iii) বরেন্দ্র ও খরাপ্রবণ অঞ্চল, (iv) হাওড় ও আকস্মিক বন্যাপ্রবণ অঞ্চল, (v) নগর অঞ্চল এবং (vi) পার্বত্য চট্টগ্রাম অঞ্চল।","['উন্নয়ন পরিকল্পনা, প্রেক্ষিত ও পঞ্চবার্ষিকী']",STATED_AS,['৬'],ambiguous,needs_clarification,manual_review,P4,not_yet_checked,,0.45,manual claim-type review required,"""উন্নয়ন পরিকল্পনা, প্রেক্ষিত ও পঞ্চবার্ষিকী"" ""৬"" ""STATED_AS"" pre-2023 official","""বদ্বীপ পরিকল্পনা ২১০০-এ ৬টি ভৌগোলিক হটস্পট নির্ধারণ করা হয়েছে। হটস্পটগুলো হলো: (i) নদী ও মোহনা অঞ্চ"" manual review",,unreviewed,,,
BCSGK-0405,"২৫ ফেব্রুয়ারি, ২০২০ জাতীয় অর্থনৈতিক পরিষদে (NEC) দ্বিতীয় প্রেক্ষিত পরিকল্পনা গৃহীত হয়। এর মেয়াদ ২০২১-২০৪১। এটি তৈরি করেছে সাধারণ অর্থনীতি বিভাগ (GED)। প্রথম প্রেক্ষিত পরিকল্পনার মেয়াদকাল ছিল ২০১০-২০২১।","['উন্নয়ন পরিকল্পনা, প্রেক্ষিত ও পঞ্চবার্ষিকী']",STATED_AS,['২০৪১'],ambiguous,needs_clarification,manual_review,P4,not_yet_checked,,0.45,manual claim-type review required,"""উন্নয়ন পরিকল্পনা, প্রেক্ষিত ও পঞ্চবার্ষিকী"" ""২০৪১"" ""STATED_AS"" pre-2023 official","""২৫ ফেব্রুয়ারি, ২০২০ জাতীয় অর্থনৈতিক পরিষদে (NEC) দ্বিতীয় প্রেক্ষিত পরিকল্পনা গৃহীত হয়। এর মেয়াদ"" manual review",,unreviewed,,,
BCSGK-0406,"স্মার্ট বাংলাদেশ ২০৪১ সালের মধ্যে বাস্তবায়নের জন্য নির্ধারিত একটি রূপকল্প। বাংলাদেশ সরকার চারটি কৌশলগত স্তম্ভ নির্ধারণ করেছে: স্মার্ট সিটিজেন, স্মার্ট সরকার, স্মার্ট ইকোনমি এবং স্মার্ট সোসাইটি।","['উন্নয়ন পরিকল্পনা, প্রেক্ষিত ও পঞ্চবার্ষিকী']",STATED_AS,['Smart Society'],ambiguous,needs_clarification,manual_review,P4,not_yet_checked,,0.45,manual claim-type review required,"""উন্নয়ন পরিকল্পনা, প্রেক্ষিত ও পঞ্চবার্ষিকী"" ""Smart Society"" ""STATED_AS"" pre-2023 official","""স্মার্ট বাংলাদেশ ২০৪১ সালের মধ্যে বাস্তবায়নের জন্য নির্ধারিত একটি রূপকল্প। বাংলাদেশ সরকার চারটি কৌশ"" manual review",,unreviewed,,,
BCSGK-0408,বাংলাদেশের প্রেক্ষিত পরিকল্পনার সময়সীমা ২০২১-২০৪১।,"['উন্নয়ন পরিকল্পনা, প্রেক্ষিত ও পঞ্চবার্ষিকী']",STATED_AS,['২০২১-২০৪১'],ambiguous,needs_clarification,manual_review,P4,not_yet_checked,,0.45,manual claim-type review required,"""উন্নয়ন পরিকল্পনা, প্রেক্ষিত ও পঞ্চবার্ষিকী"" ""২০২১-২০৪১"" ""STATED_AS"" pre-2023 official","""বাংলাদেশের প্রেক্ষিত পরিকল্পনার সময়সীমা ২০২১-২০৪১।"" manual review",,unreviewed,,,
BCSGK-0410,"বাংলাদেশে শিল্প সংক্রান্ত অর্থনৈতিক কর্মকাণ্ড বলতে মূলত উৎপাদনশীল খাতকে বোঝানো হয় যেখানে কাঁচামালকে প্রক্রিয়াজাত করে নতুন পণ্য তৈরি করা হয়, যেমন: বস্ত্র, পাটজাত পণ্য, সিমেন্ট ইত্যাদি। মাছ চাষ কৃষি ও মৎস্য খাতের অন্তর্গত, যা প্রাথমিক উৎপাদন খাতে পড়ে।",['শিল্প উৎপাদন'],part_of,['মাছ চাষ'],static_geographic,static,mediawiki_pre_cutoff_revision_or_official_geography,P1,not_yet_checked,,0.82,geographic claim can use a pre-cutoff snapshot,"""শিল্প উৎপাদন"" ""মাছ চাষ"" ""part_of"" pre-2023 official","""বাংলাদেশে শিল্প সংক্রান্ত অর্থনৈতিক কর্মকাণ্ড বলতে মূলত উৎপাদনশীল খাতকে বোঝানো হয় যেখানে কাঁচামালকে"" mediawiki pre cutoff revision or official geography",,unreviewed,,,
BCSGK-0416,ন্যাচারাল গ্যাস ফার্টিলাইজার ফ্যাক্টরি লিমিটেড (পূর্বনাম-ফেঞ্চুগঞ্জ সার কারখানা) সিলেটের ফেঞ্চুগঞ্জে অবস্থিত। এটি বাংলাদেশের প্রথম সার কারখানা। এই সার কারখানায় ইউরিয়া এবং এএসপি (অ্যামেনিয়াম সালফেট) সার উৎপাদিত হয়।,['শিল্প উৎপাদন'],located_in,['ইউরিয়া এবং এএসপি'],static_geographic,static,mediawiki_pre_cutoff_revision_or_official_geography,P1,not_yet_checked,,0.82,geographic claim can use a pre-cutoff snapshot,"""শিল্প উৎপাদন"" ""ইউরিয়া এবং এএসপি"" ""located_in"" pre-2023 official","""ন্যাচারাল গ্যাস ফার্টিলাইজার ফ্যাক্টরি লিমিটেড (পূর্বনাম-ফেঞ্চুগঞ্জ সার কারখানা) সিলেটের ফেঞ্চুগঞ্জে"" mediawiki pre cutoff revision or official geography",,unreviewed,,,
BCSGK-0422,বাংলাদেশের প্রধান জাহাজ নির্মাণ কারখানা খুলনায় অবস্থিত। দেশে আনুমানিক ১০ হাজার মেট্রিক টন ক্ষমতার আন্তর্জাতিক মানের জাহাজ তৈরির ক্ষমতাসম্পন্ন প্রায় ১১টি শিপইয়ার্ড রয়েছে।,['শিল্প উৎপাদন'],located_in,['খুলনা'],static_geographic,static,mediawiki_pre_cutoff_revision_or_official_geography,P1,not_yet_checked,,0.82,geographic claim can use a pre-cutoff snapshot,"""শিল্প উৎপাদন"" ""খুলনা"" ""located_in"" pre-2023 official","""বাংলাদেশের প্রধান জাহাজ নির্মাণ কারখানা খুলনায় অবস্থিত। দেশে আনুমানিক ১০ হাজার মেট্রিক টন ক্ষমতার আ"" mediawiki pre cutoff revision or official geography",,unreviewed,,,
BCSGK-0426,"'Alliance for Bangladesh Worker's Safety' যুক্তরাষ্ট্রভিত্তিক বিশ্বসেরা গার্মেন্টস ব্র্যান্ডগুলোর সংগঠন। এই সংগঠনটি ২৪ এপ্রিল, ২০১৩ সালে রানা প্লাজা দুর্ঘটনার পর গঠিত হয়।",['গার্মেন্টস শিল্প ও এর সার্বিক ব্যবস্থাপনা'],STATED_AS,['যুক্তরাষ্ট্রের'],ambiguous,needs_clarification,manual_review,P4,not_yet_checked,,0.45,manual claim-type review required,"""গার্মেন্টস শিল্প ও এর সার্বিক ব্যবস্থাপনা"" ""যুক্তরাষ্ট্রের"" ""STATED_AS"" pre-2023 official","""'Alliance for Bangladesh Worker's Safety' যুক্তরাষ্ট্রভিত্তিক বিশ্বসেরা গার্মেন্টস ব্র্যান্ডগুলোর সং"" manual review",,unreviewed,,,
BCSGK-0432,"বাংলাদেশের সয়াবিন তেল বাজার প্রতিবেদন ২০২৫ অনুযায়ী, বাংলাদেশ সিংহভাগ সয়াবিন তেল আর্জেন্টিনা ও ব্রাজিল থেকে আমদানি করে, যারা বিশ্বের শীর্ষ সয়াবিন তেল উৎপাদক।",['বাণিজ্য'],STATED_AS,['আর্জেন্টিনা ও ব্রাজিল'],ambiguous,needs_clarification,manual_review,P4,not_yet_checked,,0.45,manual claim-type review required,"""বাণিজ্য"" ""আর্জেন্টিনা ও ব্রাজিল"" ""STATED_AS"" pre-2023 official","""বাংলাদেশের সয়াবিন তেল বাজার প্রতিবেদন ২০২৫ অনুযায়ী, বাংলাদেশ সিংহভাগ সয়াবিন তেল আর্জেন্টিনা ও ব্র"" manual review",,unreviewed,,,
BCSGK-0435,ট্যারিফ কমিশন বাণিজ্য মন্ত্রণালয়ের অধীন।,['বাণিজ্য'],STATED_AS,['বাণিজ্য মন্ত্রণালয়'],ambiguous,needs_clarification,manual_review,P4,not_yet_checked,,0.45,manual claim-type review required,"""বাণিজ্য"" ""বাণিজ্য মন্ত্রণালয়"" ""STATED_AS"" pre-2023 official","""ট্যারিফ কমিশন বাণিজ্য মন্ত্রণালয়ের অধীন।"" manual review",,unreviewed,,,
BCSGK-0437,মধ্যম আয়ের ফাঁদ হলো এমন অবস্থা যেখানে দেশ নিম্ন থেকে মধ্যম আয়ে উঠলেও দীর্ঘদিন আটকে থাকে এবং উচ্চ আয়ে যেতে পারে না। মধ্যম পর্যায়ে সস্তা শ্রম বা পুঁজি বাড়ালে প্রবৃদ্ধি টিকে না; দরকার TFP (মোট উৎপাদনশীলতা) বৃদ্ধি একই সম্পদে বেশি ও ভালো উৎপাদন।,['পণ্য আমদানি ও রপ্তানিকরণ'],STATED_AS,['পুঁজি বৃদ্ধি সত্ত্বেও মোট উৎপাদনশীলতার (Total Factor Productivity) বৃদ্ধি ধীর গতির হওয়া'],ambiguous,needs_clarification,manual_review,P4,not_yet_checked,,0.45,manual claim-type review required,"""পণ্য আমদানি ও রপ্তানিকরণ"" ""পুঁজি বৃদ্ধি সত্ত্বেও মোট উৎপাদনশীলতার (Total Factor Productivity) বৃদ্ধি ধীর গতির হওয়া"" ""STATED_AS"" pre-2023 official","""মধ্যম আয়ের ফাঁদ হলো এমন অবস্থা যেখানে দেশ নিম্ন থেকে মধ্যম আয়ে উঠলেও দীর্ঘদিন আটকে থাকে এবং উচ্চ আ"" manual review",,unreviewed,,,
BCSGK-0440,"অর্থনৈতিক সমীক্ষা ২০২৫ অনুযায়ী, ২০২৪-২৫ অর্থবছরে বাংলাদেশ সবচেয়ে বেশি আমদানি করেছে চীন থেকে। দ্বিতীয় ও তৃতীয় অবস্থানে আছে যথাক্রমে ভারত ও যুক্তরাষ্ট্র।",['পণ্য আমদানি ও রপ্তানিকরণ'],STATED_AS,['চীন থেকে'],ambiguous,needs_clarification,manual_review,P4,not_yet_checked,,0.45,manual claim-type review required,"""পণ্য আমদানি ও রপ্তানিকরণ"" ""চীন থেকে"" ""STATED_AS"" pre-2023 official","""অর্থনৈতিক সমীক্ষা ২০২৫ অনুযায়ী, ২০২৪-২৫ অর্থবছরে বাংলাদেশ সবচেয়ে বেশি আমদানি করেছে চীন থেকে। দ্বিত"" manual review",,unreviewed,,,
BCSGK-0516,"বাংলাদেশের ইতিহাসে মোট ০৫ বার জরুরি অবস্থা জারি করা হয়। ১৯৭৪ সালের ২৮ ডিসেম্বর, ১৯৭৫ সালের ২৫ জুন, ১৯৮১ সালের ৩০ মে, ১৯৮৭ সালের ২৭ নভেম্বর এবং ২০০৭ সালের ১১ জানুয়ারি মোট ৫ বার বাংলাদেশে জরুরি অবস্থা (State of Emergency) জারি করা হয়।","['রাজনৈতিক দলসমূহের গঠন, ভূমিকা ও কার্যক্রম']",STATED_AS,['৫ বার'],ambiguous,needs_clarification,manual_review,P4,not_yet_checked,,0.45,manual claim-type review required,"""রাজনৈতিক দলসমূহের গঠন, ভূমিকা ও কার্যক্রম"" ""৫ বার"" ""STATED_AS"" pre-2023 official","""বাংলাদেশের ইতিহাসে মোট ০৫ বার জরুরি অবস্থা জারি করা হয়। ১৯৭৪ সালের ২৮ ডিসেম্বর, ১৯৭৫ সালের ২৫ জুন, "" manual review",,unreviewed,,,
BCSGK-0519,"প্রতিনিধিত্বমূলক গণতন্ত্রে সংখ্যাগরিষ্ঠ দল যখন গণবিরোধী কাজে লিপ্ত না হয়, স্বেচ্ছাচারী ও দুর্নীতিপরায়ণ না হয় সেদিকে খেয়াল রাখে বিরোধী দল। সরকারের দুর্নীতি, দুঃশাসন ও অব্যবস্থাপনা সংসদে তুলে ধরে জনগণকে সচেতন ও প্রতিবাদী করে তোলে বিরোধী দল। তাই বিরোধী দলকে গণতান্ত্রিক শাসনব্যবস্থায় 'বিকল্প সরকার' বলা হয়।",['ক্ষমতাসীন ও বিরোধী দলের পারস্পরিক সম্পর্ক'],STATED_AS,['বিরোধী দল'],ambiguous,needs_clarification,manual_review,P4,not_yet_checked,,0.45,manual claim-type review required,"""ক্ষমতাসীন ও বিরোধী দলের পারস্পরিক সম্পর্ক"" ""বিরোধী দল"" ""STATED_AS"" pre-2023 official","""প্রতিনিধিত্বমূলক গণতন্ত্রে সংখ্যাগরিষ্ঠ দল যখন গণবিরোধী কাজে লিপ্ত না হয়, স্বেচ্ছাচারী ও দুর্নীতিপর"" manual review",,unreviewed,,,
BCSGK-0532,"চাপ সৃষ্টিকারী গোষ্ঠী হচ্ছে এমন এক গোষ্ঠী যার সদস্যগণ সমজাতীয় মনোভাব এবং স্বার্থের দ্বারা আবদ্ধ। Almond ও Powel চাপ সৃষ্টিকারী গোষ্ঠীকে চার ভাগে ভাগ করেছেন। যথা: ১. Institutional Interest Groups, ২. The Associational Interest Groups, ৩. Anomic Interest Groups ও ৪. Non-Associational Interest Groups।",['সরকারের ধরন'],STATED_AS,['৪ ভাগে'],ambiguous,needs_clarification,manual_review,P4,not_yet_checked,,0.45,manual claim-type review required,"""সরকারের ধরন"" ""৪ ভাগে"" ""STATED_AS"" pre-2023 official","""চাপ সৃষ্টিকারী গোষ্ঠী হচ্ছে এমন এক গোষ্ঠী যার সদস্যগণ সমজাতীয় মনোভাব এবং স্বার্থের দ্বারা আবদ্ধ। Al"" manual review",,unreviewed,,,
BCSGK-0533,"সুশীল সমাজ সরকার ও প্রাইভেট সেক্টরের মাঝামাঝি একটি গ্রুপ। এরা সরকার ও প্রাইভেট সেক্টর উভয় ক্ষেত্রেই তাদের প্রভাব বিস্তার করতে পারে। বাংলাদেশের কিছু সুশীল সমাজের উদাহরণ- TIB, সনাক, BLAST, BELA, CDP, সুজন, আসক প্রভৃতি।",['সরকারের ধরন'],STATED_AS,['সুশীল সমাজ'],ambiguous,needs_clarification,manual_review,P4,not_yet_checked,,0.45,manual claim-type review required,"""সরকারের ধরন"" ""সুশীল সমাজ"" ""STATED_AS"" pre-2023 official","""সুশীল সমাজ সরকার ও প্রাইভেট সেক্টরের মাঝামাঝি একটি গ্রুপ। এরা সরকার ও প্রাইভেট সেক্টর উভয় ক্ষেত্রেই"" manual review",,unreviewed,,,
BCSGK-0550,অ্যাটর্নি জেনারেল বাংলাদেশের প্রধান আইন কর্মকর্তা।,['বাংলাদেশের শাসন বিভাগ'],ruled,['অ্যাটর্নি জেনারেল'],ambiguous,needs_clarification,manual_review,P4,not_yet_checked,,0.45,manual claim-type review required,"""বাংলাদেশের শাসন বিভাগ"" ""অ্যাটর্নি জেনারেল"" ""ruled"" pre-2023 official","""অ্যাটর্নি জেনারেল বাংলাদেশের প্রধান আইন কর্মকর্তা।"" manual review",,unreviewed,,,
BCSGK-0555,"একজন সরকারপ্রধান, একজন উপদেষ্টা ও ১৩ জন সদস্যের সমন্বয়ে মোট ১৫ জন ব্যক্তি নিয়ে গ্রাম সরকার গঠিত। ৬ এপ্রিল ২০০৯ জাতীয় সংসদে গ্রাম সরকার (রহিতকরণ) বিল পাস হওয়ার মাধ্যমে গ্রাম সরকার ব্যবস্থা বাতিল হয়ে যায়।",['বাংলাদেশের শাসন বিভাগ'],ruled,['১৫ জন'],ambiguous,needs_clarification,manual_review,P4,not_yet_checked,,0.45,manual claim-type review required,"""বাংলাদেশের শাসন বিভাগ"" ""১৫ জন"" ""ruled"" pre-2023 official","""একজন সরকারপ্রধান, একজন উপদেষ্টা ও ১৩ জন সদস্যের সমন্বয়ে মোট ১৫ জন ব্যক্তি নিয়ে গ্রাম সরকার গঠিত। ৬"" manual review",,unreviewed,,,
BCSGK-0557,১৯৭৪ সালে সর্বপ্রথম সাদা পোশাকে স্পেশাল ব্র্যাঞ্চে ১২ জন মহিলা পুলিশ নিয়োগ করা হয়। ইউনিফর্মধারী নারী পুলিশের যাত্রা শুরু হয় ১৯৭৬ সালে। অতঃপর ১৯৭৮ সালে ঢাকা মহানগর পুলিশে মহিলা নিয়োগ করা হয়।,['বাংলাদেশের শাসন বিভাগ'],ruled,['১৯৭৪ সালে'],ambiguous,needs_clarification,manual_review,P4,not_yet_checked,,0.45,manual claim-type review required,"""বাংলাদেশের শাসন বিভাগ"" ""১৯৭৪ সালে"" ""ruled"" pre-2023 official","""১৯৭৪ সালে সর্বপ্রথম সাদা পোশাকে স্পেশাল ব্র্যাঞ্চে ১২ জন মহিলা পুলিশ নিয়োগ করা হয়। ইউনিফর্মধারী না"" manual review",,unreviewed,,,
BCSGK-0558,মেজর জেনারেল কে এম শফিউল্লাহ ১৯৭৫ সালের ১৫ আগস্ট ভোর রাত পর্যন্ত বাংলাদেশের সেনাবাহিনীর প্রধান ছিলেন।,['বাংলাদেশের শাসন বিভাগ'],ruled,['মেজর জেনারেল কে এম শফিউল্লাহ'],ambiguous,needs_clarification,manual_review,P4,not_yet_checked,,0.45,manual claim-type review required,"""বাংলাদেশের শাসন বিভাগ"" ""মেজর জেনারেল কে এম শফিউল্লাহ"" ""ruled"" pre-2023 official","""মেজর জেনারেল কে এম শফিউল্লাহ ১৯৭৫ সালের ১৫ আগস্ট ভোর রাত পর্যন্ত বাংলাদেশের সেনাবাহিনীর প্রধান ছিলেন"" manual review",,unreviewed,,,
BCSGK-0560,"Army Act 1952-এর ১৩৩ ধারা অনুযায়ী, সামরিক আদালত বা কোর্ট মার্শাল কর্তৃক প্রদত্ত কোনো রায়ের বিরুদ্ধে সাধারণত হাইকোর্ট বা সুপ্রিম কোর্টে আপিল করা যায় না।",['বাংলাদেশের বিচার বিভাগ'],STATED_AS,['সামরিক আদালত'],ambiguous,needs_clarification,manual_review,P4,not_yet_checked,,0.45,manual claim-type review required,"""বাংলাদেশের বিচার বিভাগ"" ""সামরিক আদালত"" ""STATED_AS"" pre-2023 official","""Army Act 1952-এর ১৩৩ ধারা অনুযায়ী, সামরিক আদালত বা কোর্ট মার্শাল কর্তৃক প্রদত্ত কোনো রায়ের বিরুদ্ধ"" manual review",,unreviewed,,,
BCSGK-0561,"বাংলাদেশ সংবিধানের রক্ষাকর্তা বাংলাদেশ সুপ্রিম কোর্ট। সুপ্রিম কোর্টকে সংবিধানের রক্ষক, অভিভাবক ও ব্যাখ্যাকারী হিসেবে অভিহিত করা হয়।",['বাংলাদেশের বিচার বিভাগ'],STATED_AS,['বাংলাদেশ সুপ্রিম কোর্ট'],ambiguous,needs_clarification,manual_review,P4,not_yet_checked,,0.45,manual claim-type review required,"""বাংলাদেশের বিচার বিভাগ"" ""বাংলাদেশ সুপ্রিম কোর্ট"" ""STATED_AS"" pre-2023 official","""বাংলাদেশ সংবিধানের রক্ষাকর্তা বাংলাদেশ সুপ্রিম কোর্ট। সুপ্রিম কোর্টকে সংবিধানের রক্ষক, অভিভাবক ও ব্য"" manual review",,unreviewed,,,
BCSGK-0570,"আইনটি জাতীয় সংসদে পাস হয় ৯ এপ্রিল, ২০০২ সালে।",['আইন প্রণয়ন ও নীতি নির্ধারণ'],occurred_on,"['৯ এপ্রিল, ২০০২']",ambiguous,needs_clarification,manual_review,P4,not_yet_checked,,0.45,manual claim-type review required,"""আইন প্রণয়ন ও নীতি নির্ধারণ"" ""৯ এপ্রিল, ২০০২"" ""occurred_on"" pre-2023 official","""আইনটি জাতীয় সংসদে পাস হয় ৯ এপ্রিল, ২০০২ সালে।"" manual review",,unreviewed,,,
BCSGK-0573,উল্লিখিত অপশনগুলোর মধ্যে একমাত্র পটুয়াখালীতেই রেল যোগাযোগ নেই। বাকি জেলাগুলোতে রেল সংযোগ স্থাপিত হয়েছে।,"['প্রশাসনিক ব্যবস্থাপনা কাঠামো, পুনর্বিন্যাস ও সংস্কার']",ruled,['পটুয়াখালী'],ambiguous,needs_clarification,manual_review,P4,not_yet_checked,,0.45,manual claim-type review required,"""প্রশাসনিক ব্যবস্থাপনা কাঠামো, পুনর্বিন্যাস ও সংস্কার"" ""পটুয়াখালী"" ""ruled"" pre-2023 official","""উল্লিখিত অপশনগুলোর মধ্যে একমাত্র পটুয়াখালীতেই রেল যোগাযোগ নেই। বাকি জেলাগুলোতে রেল সংযোগ স্থাপিত হয"" manual review",,unreviewed,,,
BCSGK-0575,পার্বত্য চট্টগ্রাম শান্তিচুক্তি (১৯৯৭) বাংলাদেশ সরকার ও পার্বত্য চট্টগ্রাম জনসংহতি সমিতি (PCJSS) এর মধ্যে স্বাক্ষরিত একটি আনুষ্ঠানিক চুক্তি। ১৯৯৭ সালে ২ ডিসেম্বর এই চুক্তি স্বাক্ষরিত হয়েছিল।,"['প্রশাসনিক ব্যবস্থাপনা কাঠামো, পুনর্বিন্যাস ও সংস্কার']",ruled,['০২ ডিসেম্বর ১৯৯৭'],ambiguous,needs_clarification,manual_review,P4,not_yet_checked,,0.45,manual claim-type review required,"""প্রশাসনিক ব্যবস্থাপনা কাঠামো, পুনর্বিন্যাস ও সংস্কার"" ""০২ ডিসেম্বর ১৯৯৭"" ""ruled"" pre-2023 official","""পার্বত্য চট্টগ্রাম শান্তিচুক্তি (১৯৯৭) বাংলাদেশ সরকার ও পার্বত্য চট্টগ্রাম জনসংহতি সমিতি (PCJSS) এর "" manual review",,unreviewed,,,
BCSGK-0576,"বাংলাদেশের সিটি কর্পোরেশন ১২টি। সর্বশেষ ময়মনসিংহ সিটি কর্পোরেশন ২ এপ্রিল, ২০১৮ সালে গঠিত হয়।","['প্রশাসনিক ব্যবস্থাপনা কাঠামো, পুনর্বিন্যাস ও সংস্কার']",ruled,['ময়মনসিংহ'],ambiguous,needs_clarification,manual_review,P4,suspected,,0.45,manual claim-type review required,"""প্রশাসনিক ব্যবস্থাপনা কাঠামো, পুনর্বিন্যাস ও সংস্কার"" ""ময়মনসিংহ"" ""ruled"" pre-2023 official","""বাংলাদেশের সিটি কর্পোরেশন ১২টি। সর্বশেষ ময়মনসিংহ সিটি কর্পোরেশন ২ এপ্রিল, ২০১৮ সালে গঠিত হয়।"" manual review",,unreviewed,,,
BCSGK-0577,"নাগাল্যান্ড রাজ্যের সাথে বাংলাদেশের কোনো ভূমি সীমানা নেই। বাংলাদেশ ভারতের মোট পাঁচটি রাজ্যের সাথে তার স্থল সীমানা ভাগ করে। রাজ্যগুলো হলো: ১. পশ্চিমবঙ্গ (West Bengal), ২. আসাম (Assam), ৩. মেঘালয় (Meghalaya), ৪. ত্রিপুরা (Tripura) ও ৫. মিজোরাম (Mizoram)।","['প্রশাসনিক ব্যবস্থাপনা কাঠামো, পুনর্বিন্যাস ও সংস্কার']",ruled,['নাগাল্যান্ড'],ambiguous,needs_clarification,manual_review,P4,not_yet_checked,,0.45,manual claim-type review required,"""প্রশাসনিক ব্যবস্থাপনা কাঠামো, পুনর্বিন্যাস ও সংস্কার"" ""নাগাল্যান্ড"" ""ruled"" pre-2023 official","""নাগাল্যান্ড রাজ্যের সাথে বাংলাদেশের কোনো ভূমি সীমানা নেই। বাংলাদেশ ভারতের মোট পাঁচটি রাজ্যের সাথে তা"" manual review",,unreviewed,,,
BCSGK-0578,বাংলাদেশের প্রশাসনিক কাঠামো মূলত কেন্দ্রীভূত। কারণ অধিকাংশ সিদ্ধান্ত ও ক্ষমতা কেন্দ্রীয় সরকারের হাতে ন্যস্ত থাকে।,"['প্রশাসনিক ব্যবস্থাপনা কাঠামো, পুনর্বিন্যাস ও সংস্কার']",ruled,['কেন্দ্রীভূত'],ambiguous,needs_clarification,manual_review,P4,not_yet_checked,,0.45,manual claim-type review required,"""প্রশাসনিক ব্যবস্থাপনা কাঠামো, পুনর্বিন্যাস ও সংস্কার"" ""কেন্দ্রীভূত"" ""ruled"" pre-2023 official","""বাংলাদেশের প্রশাসনিক কাঠামো মূলত কেন্দ্রীভূত। কারণ অধিকাংশ সিদ্ধান্ত ও ক্ষমতা কেন্দ্রীয় সরকারের হাত"" manual review",,unreviewed,,,
BCSGK-0580,মোহাম্মাদ হানিফ ঢাকা সিটি কর্পোরেশনের প্রথম নির্বাচিত মেয়র ছিলেন।,"['প্রশাসনিক ব্যবস্থাপনা কাঠামো, পুনর্বিন্যাস ও সংস্কার']",ruled,['মোহাম্মাদ হানিফ'],ambiguous,needs_clarification,manual_review,P4,not_yet_checked,,0.45,manual claim-type review required,"""প্রশাসনিক ব্যবস্থাপনা কাঠামো, পুনর্বিন্যাস ও সংস্কার"" ""মোহাম্মাদ হানিফ"" ""ruled"" pre-2023 official","""মোহাম্মাদ হানিফ ঢাকা সিটি কর্পোরেশনের প্রথম নির্বাচিত মেয়র ছিলেন।"" manual review",,unreviewed,,,
BCSGK-0584,প্রদত্ত অপশনগুলোর মধ্যে সেন্টমার্টিন বাংলাদেশের সবচেয়ে ছোট ইউনিয়ন। টেকনাফ উপকূল থেকে ৯ কিলোমিটার দক্ষিণে অবস্থিত সেন্টমার্টিন বাংলাদেশের একমাত্র প্রবাল দ্বীপ। বাংলাদেশের ক্ষুদ্রতম ইউনিয়ন ভোলা জেলার দৌলতখান উপজেলার হাজীপুর।,"['প্রশাসনিক ব্যবস্থাপনা কাঠামো, পুনর্বিন্যাস ও সংস্কার']",located_in,['সেন্টমার্টিন'],static_geographic,static,mediawiki_pre_cutoff_revision_or_official_geography,P1,not_yet_checked,,0.82,geographic claim can use a pre-cutoff snapshot,"""প্রশাসনিক ব্যবস্থাপনা কাঠামো, পুনর্বিন্যাস ও সংস্কার"" ""সেন্টমার্টিন"" ""located_in"" pre-2023 official","""প্রদত্ত অপশনগুলোর মধ্যে সেন্টমার্টিন বাংলাদেশের সবচেয়ে ছোট ইউনিয়ন। টেকনাফ উপকূল থেকে ৯ কিলোমিটার দ"" mediawiki pre cutoff revision or official geography",,unreviewed,,,
BCSGK-0585,"আশির দশকের প্রথমদিকে দেশব্যাপী প্রশাসনিক সংস্কারের অংশ হিসেবে পার্বত্য চট্টগ্রামকে ৩টি স্বতন্ত্র জেলায় বিভক্ত করা হয়। জেলাগুলো হচ্ছে- ১. রাঙামাটি, ২. খাগড়াছড়ি, ৩. বান্দরবান।","['প্রশাসনিক ব্যবস্থাপনা কাঠামো, পুনর্বিন্যাস ও সংস্কার']",ruled,['৩টি'],ambiguous,needs_clarification,manual_review,P4,not_yet_checked,,0.45,manual claim-type review required,"""প্রশাসনিক ব্যবস্থাপনা কাঠামো, পুনর্বিন্যাস ও সংস্কার"" ""৩টি"" ""ruled"" pre-2023 official","""আশির দশকের প্রথমদিকে দেশব্যাপী প্রশাসনিক সংস্কারের অংশ হিসেবে পার্বত্য চট্টগ্রামকে ৩টি স্বতন্ত্র জেল"" manual review",,unreviewed,,,
BCSGK-0586,"২০২২ সালের ৬ষ্ঠ জনশুমারি ও গৃহগণনা প্রতিবেদন অনুযায়ী, বাংলাদেশের গ্রামের সংখ্যা ৮৭৩৯১টি।","['প্রশাসনিক ব্যবস্থাপনা কাঠামো, পুনর্বিন্যাস ও সংস্কার']",ruled,['৮৭৩৯১টি'],ambiguous,needs_clarification,manual_review,P4,not_yet_checked,,0.45,manual claim-type review required,"""প্রশাসনিক ব্যবস্থাপনা কাঠামো, পুনর্বিন্যাস ও সংস্কার"" ""৮৭৩৯১টি"" ""ruled"" pre-2023 official","""২০২২ সালের ৬ষ্ঠ জনশুমারি ও গৃহগণনা প্রতিবেদন অনুযায়ী, বাংলাদেশের গ্রামের সংখ্যা ৮৭৩৯১টি।"" manual review",,unreviewed,,,
BCSGK-0589,"ঢাকা বিভাগে মোট ১৩টি জেলা রয়েছে। এগুলো হলো- ঢাকা, গাজীপুর, নারায়ণগঞ্জ, নরসিন্দী, মুন্সিগঞ্জ, মানিকগঞ্জ, টাঙ্গাইল, কিশোরগঞ্জ, মাদারীপুর, ফরিদপুর, শরীয়তপুর, গোপালগঞ্জ ও রাজবাড়ি।","['প্রশাসনিক ব্যবস্থাপনা কাঠামো, পুনর্বিন্যাস ও সংস্কার']",ruled,['১৩টি'],ambiguous,needs_clarification,manual_review,P4,not_yet_checked,,0.45,manual claim-type review required,"""প্রশাসনিক ব্যবস্থাপনা কাঠামো, পুনর্বিন্যাস ও সংস্কার"" ""১৩টি"" ""ruled"" pre-2023 official","""ঢাকা বিভাগে মোট ১৩টি জেলা রয়েছে। এগুলো হলো- ঢাকা, গাজীপুর, নারায়ণগঞ্জ, নরসিন্দী, মুন্সিগঞ্জ, মানিক"" manual review",,unreviewed,,,
BCSGK-0590,স্বাধীনতার পরবর্তী সময়ে প্রায় এক দশক বাংলাদেশের জেলার সংখ্যা ছিল ২০টি। সামরিক শাসক লে. জে. হুসেইন মোহাম্মদ এরশাদ ক্ষমতায় আসার পর প্রশাসনিক কাজে গতিশীলতা আনতে ১৯৮৪ সালে জেলার সংখ্যা ৬৪টিতে উন্নীত করেন।,"['প্রশাসনিক ব্যবস্থাপনা কাঠামো, পুনর্বিন্যাস ও সংস্কার']",ruled,['৬৪টি'],ambiguous,needs_clarification,manual_review,P4,not_yet_checked,,0.45,manual claim-type review required,"""প্রশাসনিক ব্যবস্থাপনা কাঠামো, পুনর্বিন্যাস ও সংস্কার"" ""৬৪টি"" ""ruled"" pre-2023 official","""স্বাধীনতার পরবর্তী সময়ে প্রায় এক দশক বাংলাদেশের জেলার সংখ্যা ছিল ২০টি। সামরিক শাসক লে. জে. হুসেইন "" manual review",,unreviewed,,,
BCSGK-0592,ICCPR এর পূর্ণরূপ International Covenant on Civil and Political Rights। এটি জাতিসংঘ সাধারণ পরিষদ কর্তৃক ১৯৬৬ সালে গৃহীত ও স্বাক্ষরের জন্য উন্মুক্ত করা হয় এবং প্রয়োজনীয় সংখ্যক রাষ্ট্রপক্ষের অনুশাসনের মধ্য দিয়ে ১৯৭৬ সালে কার্যকরিতা লাভ করে।,['জাতীয় অর্জন'],STATED_AS,['International Covenant on Civil and Political Rights'],ambiguous,needs_clarification,manual_review,P4,not_yet_checked,,0.45,manual claim-type review required,"""জাতীয় অর্জন"" ""International Covenant on Civil and Political Rights"" ""STATED_AS"" pre-2023 official","""ICCPR এর পূর্ণরূপ International Covenant on Civil and Political Rights। এটি জাতিসংঘ সাধারণ পরিষদ কর্"" manual review",,unreviewed,,,
BCSGK-0593,ওয়াসফিয়া নাজরীন বাংলাদেশের কনিষ্ঠ এবং ২য় নারী হিসেবে ২০১২ সালের ২৬ মে সর্বোচ্চ শৃঙ্গ এভারেস্টের চূড়ায় আরোহণ করেন।,['জাতীয় অর্জন'],STATED_AS,['এভারেস্টজয়ী হিসেবে'],ambiguous,needs_clarification,manual_review,P4,not_yet_checked,,0.45,manual claim-type review required,"""জাতীয় অর্জন"" ""এভারেস্টজয়ী হিসেবে"" ""STATED_AS"" pre-2023 official","""ওয়াসফিয়া নাজরীন বাংলাদেশের কনিষ্ঠ এবং ২য় নারী হিসেবে ২০১২ সালের ২৬ মে সর্বোচ্চ শৃঙ্গ এভারেস্টের চ"" manual review",,unreviewed,,,
BCSGK-0596,"বিশ্বব্যাংকের হিসাবে মাথাপিছু আয় ১০৪৬-১২৭৩৬ ডলার পর্যন্ত সবাই মধ্যম আয়ের দেশ। ১ জুলাই, ২০১৫ বাংলাদেশের মাথাপিছু আয় এই নিম্নসীমা অতিক্রম করায় বিশ্বব্যাংক বাংলাদেশকে নিম্ন মধ্যম আয়ের দেশ হিসেবে তালিকাভুক্ত করে।",['জাতীয় অর্জন'],occurred_on,['১ জুলাই ২০১৫'],ambiguous,needs_clarification,manual_review,P4,not_yet_checked,,0.45,manual claim-type review required,"""জাতীয় অর্জন"" ""১ জুলাই ২০১৫"" ""occurred_on"" pre-2023 official","""বিশ্বব্যাংকের হিসাবে মাথাপিছু আয় ১০৪৬-১২৭৩৬ ডলার পর্যন্ত সবাই মধ্যম আয়ের দেশ। ১ জুলাই, ২০১৫ বাংলাদ"" manual review",,unreviewed,,,
BCSGK-0597,বাংলাদেশ একটি গণপ্রজাতান্ত্রিক ও এককেন্দ্রিক রাষ্ট্র। এই রাষ্ট্রের সকল ক্ষমতার মালিক জনগণ। বাংলাদেশের সরকার ব্যবস্থা সংসদীয় পদ্ধতির।,['সরকারের ধরন'],STATED_AS,['এককেন্দ্রিক'],ambiguous,needs_clarification,manual_review,P4,not_yet_checked,,0.45,manual claim-type review required,"""সরকারের ধরন"" ""এককেন্দ্রিক"" ""STATED_AS"" pre-2023 official","""বাংলাদেশ একটি গণপ্রজাতান্ত্রিক ও এককেন্দ্রিক রাষ্ট্র। এই রাষ্ট্রের সকল ক্ষমতার মালিক জনগণ। বাংলাদেশে"" manual review",,unreviewed,,,
